{"_id":"crypt","_rev":"6-d46f2d371fc5d253fe3d1b5bc0aed415","name":"crypt","description":"utilities for encryption and hashing","dist-tags":{"latest":"0.0.1"},"versions":{"0.0.0":{"author":{"name":"Paul Vorbach","email":"paul@vorb.de","url":"http://vorb.de"},"name":"crypt","description":"utilities for encryption and hashing","tags":["hash","security"],"version":"0.0.0","repository":{"type":"git","url":"git://github.com/pvorb/node-crypt.git"},"bugs":{"url":"https://github.com/pvorb/node-crypt/issues"},"main":"crypt.js","engines":{"node":"*"},"_npmJsonOpts":{"file":"/home/paul/.npm/crypt/0.0.0/package/package.json","wscript":false,"contributors":false,"serverjs":false},"_id":"crypt@0.0.0","dependencies":{},"devDependencies":{},"_engineSupported":true,"_npmVersion":"1.0.26","_nodeVersion":"v0.4.11","_defaultsLoaded":true,"dist":{"shasum":"a6976f1663ea9dc71230d57444abecbb055408ed","tarball":"https://registry.npmjs.org/crypt/-/crypt-0.0.0.tgz"},"scripts":{},"maintainers":[{"name":"pvorb","email":"paul@vorb.de"}],"directories":{}},"0.0.1":{"author":{"name":"Paul Vorbach","email":"paul@vorb.de","url":"http://vorb.de"},"name":"crypt","description":"utilities for encryption and hashing","tags":["hash","security"],"version":"0.0.1","repository":{"type":"git","url":"git://github.com/pvorb/node-crypt.git"},"bugs":{"url":"https://github.com/pvorb/node-crypt/issues"},"main":"crypt.js","engines":{"node":"*"},"_npmUser":{"name":"pvorb","email":"paul@vorb.de"},"_id":"crypt@0.0.1","dependencies":{},"devDependencies":{},"_engineSupported":true,"_npmVersion":"1.0.103","_nodeVersion":"v0.4.12","_defaultsLoaded":true,"dist":{"shasum":"5f11b21a6c05ef1b5e79708366da6374ece1e6a2","tarball":"https://registry.npmjs.org/crypt/-/crypt-0.0.1.tgz"},"maintainers":[{"name":"pvorb","email":"paul@vorb.de"}],"directories":{}}},"maintainers":[{"name":"pvorb","email":"paul@vorb.de"}],"time":{"modified":"2011-11-20T23:01:38.866Z","created":"2011-09-18T17:07:15.820Z","0.0.0":"2011-09-18T17:07:18.107Z","0.0.1":"2011-11-20T23:01:38.866Z"},"author":{"name":"Paul Vorbach","email":"paul@vorb.de","url":"http://vorb.de"},"repository":{"type":"git","url":"git://github.com/pvorb/node-crypt.git"},"users":{"itonyyo":true},"_attachments":{},"_etag":"W/\"4ec986d2-8b3\"","_lastModified":"Sun, 20 Nov 2011 23:01:38 GMT"}