{"_id":"charenc","_rev":"6-d1c06fe28e8fd56f45b4a0c61bed0fb3","name":"charenc","description":"character encoding utilities","dist-tags":{"latest":"0.0.1"},"versions":{"0.0.0":{"author":{"name":"Paul Vorbach","email":"paul@vorb.de","url":"http://vorb.de"},"name":"charenc","description":"character encoding utilities","tags":["utf8","binary","byte","string"],"version":"0.0.0","repository":{"type":"git","url":"git://github.com/pvorb/node-charenc.git"},"bugs":{"url":"https://github.com/pvorb/node-charenc/issues"},"main":"charenc.js","engines":{"node":"*"},"_npmJsonOpts":{"file":"/home/paul/.npm/charenc/0.0.0/package/package.json","wscript":false,"contributors":false,"serverjs":false},"_id":"charenc@0.0.0","dependencies":{},"devDependencies":{},"_engineSupported":true,"_npmVersion":"1.0.26","_nodeVersion":"v0.4.11","_defaultsLoaded":true,"dist":{"shasum":"8e3919f94fe42bfa067c6e967d5478aaab089a54","tarball":"https://registry.npmjs.org/charenc/-/charenc-0.0.0.tgz"},"scripts":{},"maintainers":[{"name":"pvorb","email":"paul@vorb.de"}],"directories":{}},"0.0.1":{"author":{"name":"Paul Vorbach","email":"paul@vorb.de","url":"http://vorb.de"},"name":"charenc","description":"character encoding utilities","tags":["utf8","binary","byte","string"],"version":"0.0.1","repository":{"type":"git","url":"git://github.com/pvorb/node-charenc.git"},"bugs":{"url":"https://github.com/pvorb/node-charenc/issues"},"main":"charenc.js","engines":{"node":"*"},"_npmUser":{"name":"pvorb","email":"paul@vorb.de"},"_id":"charenc@0.0.1","dependencies":{},"devDependencies":{},"_engineSupported":true,"_npmVersion":"1.0.103","_nodeVersion":"v0.4.12","_defaultsLoaded":true,"dist":{"shasum":"004cff9feaf102382ed12db58dd6f962796d6e88","tarball":"https://registry.npmjs.org/charenc/-/charenc-0.0.1.tgz"},"maintainers":[{"name":"pvorb","email":"paul@vorb.de"}],"directories":{}}},"maintainers":[{"name":"pvorb","email":"paul@vorb.de"}],"time":{"modified":"2011-11-20T22:57:55.899Z","created":"2011-09-18T16:27:52.891Z","0.0.0":"2011-09-18T16:27:55.174Z","0.0.1":"2011-11-20T22:57:55.899Z"},"author":{"name":"Paul Vorbach","email":"paul@vorb.de","url":"http://vorb.de"},"repository":{"type":"git","url":"git://github.com/pvorb/node-charenc.git"},"users":{"lifecube":true},"_attachments":{},"_etag":"\"56QWGF6L07H5HVAFRB2ZA83YH\""}