{"_id":"type-check","_rev":"19-8de4325396d92113bead8bcb652f5094","name":"type-check","description":"type-check allows you to check the types of JavaScript values at runtime with a Haskell like type syntax.","dist-tags":{"latest":"0.3.2"},"versions":{"0.1.0":{"name":"type-check","version":"0.1.0","author":{"name":"George Zahariev","email":"z@georgezahariev.com"},"description":"type-check allows you to check the types of JavaScript values at runtime with a Haskell like type syntax.","homepage":"https://github.com/gkz/type-check","keywords":["type","check","checking","library"],"files":["lib","README.md","LICENSE"],"main":"./lib/","bugs":"https://github.com/gkz/type-check/issues","licenses":[{"type":"MIT","url":"https://raw.github.com/gkz/type-check/master/LICENSE"}],"engines":{"node":">= 0.8.0"},"repository":{"type":"git","url":"git://github.com/gkz/type-check.git"},"scripts":{"test":"make test"},"dependencies":{"prelude-ls":"~1.0.3"},"devDependencies":{"LiveScript":"~1.2.0","mocha":"~1.8.2","istanbul":"~0.1.43","browserify":"~2.33"},"_id":"type-check@0.1.0","dist":{"shasum":"0f759b00c1e86cfa8498e269f0b43ee49ca1ee6e","tarball":"https://registry.npmjs.org/type-check/-/type-check-0.1.0.tgz"},"_npmVersion":"1.1.59","_npmUser":{"name":"gkz","email":"z@georgezahariev.com"},"maintainers":[{"name":"gkz","email":"z@georgezahariev.com"}],"directories":{}},"0.2.0":{"name":"type-check","version":"0.2.0","author":{"name":"George Zahariev","email":"z@georgezahariev.com"},"description":"type-check allows you to check the types of JavaScript values at runtime with a Haskell like type syntax.","homepage":"https://github.com/gkz/type-check","keywords":["type","check","checking","library"],"files":["lib","README.md","LICENSE"],"main":"./lib/","bugs":"https://github.com/gkz/type-check/issues","licenses":[{"type":"MIT","url":"https://raw.github.com/gkz/type-check/master/LICENSE"}],"engines":{"node":">= 0.8.0"},"repository":{"type":"git","url":"git://github.com/gkz/type-check.git"},"scripts":{"test":"make test"},"dependencies":{"prelude-ls":"~1.0.3"},"devDependencies":{"LiveScript":"~1.2.0","mocha":"~1.8.2","istanbul":"~0.1.43","browserify":"~2.33"},"_id":"type-check@0.2.0","dist":{"shasum":"fd99b899c446563284b2f2451eaf655b4d74f42f","tarball":"https://registry.npmjs.org/type-check/-/type-check-0.2.0.tgz"},"_npmVersion":"1.1.59","_npmUser":{"name":"gkz","email":"z@georgezahariev.com"},"maintainers":[{"name":"gkz","email":"z@georgezahariev.com"}],"directories":{}},"0.3.0":{"name":"type-check","version":"0.3.0","author":{"name":"George Zahariev","email":"z@georgezahariev.com"},"description":"type-check allows you to check the types of JavaScript values at runtime with a Haskell like type syntax.","homepage":"https://github.com/gkz/type-check","keywords":["type","check","checking","library"],"files":["lib","README.md","LICENSE"],"main":"./lib/","bugs":{"url":"https://github.com/gkz/type-check/issues"},"licenses":[{"type":"MIT","url":"https://raw.github.com/gkz/type-check/master/LICENSE"}],"engines":{"node":">= 0.8.0"},"repository":{"type":"git","url":"git://github.com/gkz/type-check.git"},"scripts":{"test":"make test"},"dependencies":{"prelude-ls":"~1.0.3"},"devDependencies":{"LiveScript":"~1.2.0","mocha":"~1.8.2","istanbul":"~0.1.43","browserify":"~2.33"},"_id":"type-check@0.3.0","dist":{"shasum":"7a7b83669187dc220795abf6aab61a4ab5f87eeb","tarball":"https://registry.npmjs.org/type-check/-/type-check-0.3.0.tgz"},"_from":".","_npmVersion":"1.3.11","_npmUser":{"name":"gkz","email":"z@georgezahariev.com"},"maintainers":[{"name":"gkz","email":"z@georgezahariev.com"}],"directories":{}},"0.3.1":{"name":"type-check","version":"0.3.1","author":{"name":"George Zahariev","email":"z@georgezahariev.com"},"description":"type-check allows you to check the types of JavaScript values at runtime with a Haskell like type syntax.","homepage":"https://github.com/gkz/type-check","keywords":["type","check","checking","library"],"files":["lib","README.md","LICENSE"],"main":"./lib/","bugs":{"url":"https://github.com/gkz/type-check/issues"},"licenses":[{"type":"MIT","url":"https://raw.github.com/gkz/type-check/master/LICENSE"}],"engines":{"node":">= 0.8.0"},"repository":{"type":"git","url":"git://github.com/gkz/type-check.git"},"scripts":{"test":"make test"},"dependencies":{"prelude-ls":"~1.1.0"},"devDependencies":{"LiveScript":"~1.2.0","mocha":"~1.8.2","istanbul":"~0.1.43","browserify":"~2.33"},"_id":"type-check@0.3.1","dist":{"shasum":"9233923c4da174d0ac5480ecfd6ef84c349eb58d","tarball":"https://registry.npmjs.org/type-check/-/type-check-0.3.1.tgz"},"_from":".","_npmVersion":"1.3.21","_npmUser":{"name":"gkz","email":"z@georgezahariev.com"},"maintainers":[{"name":"gkz","email":"z@georgezahariev.com"}],"directories":{}},"0.3.2":{"name":"type-check","version":"0.3.2","author":{"name":"George Zahariev","email":"z@georgezahariev.com"},"description":"type-check allows you to check the types of JavaScript values at runtime with a Haskell like type syntax.","homepage":"https://github.com/gkz/type-check","keywords":["type","check","checking","library"],"files":["lib","README.md","LICENSE"],"main":"./lib/","bugs":{"url":"https://github.com/gkz/type-check/issues"},"license":"MIT","engines":{"node":">= 0.8.0"},"repository":{"type":"git","url":"git://github.com/gkz/type-check.git"},"scripts":{"test":"make test"},"dependencies":{"prelude-ls":"~1.1.2"},"devDependencies":{"livescript":"~1.4.0","mocha":"~2.3.4","istanbul":"~0.4.1","browserify":"~12.0.1"},"gitHead":"0ab04e7a660485d0cc3aa87e95f2f9a6464cf8e6","_id":"type-check@0.3.2","_shasum":"5884cab512cf1d355e3fb784f30804b2b520db72","_from":".","_npmVersion":"2.14.12","_nodeVersion":"4.2.4","_npmUser":{"name":"gkz","email":"z@georgezahariev.com"},"maintainers":[{"name":"gkz","email":"z@georgezahariev.com"}],"dist":{"shasum":"5884cab512cf1d355e3fb784f30804b2b520db72","tarball":"https://registry.npmjs.org/type-check/-/type-check-0.3.2.tgz"},"directories":{}}},"readme":"# type-check [![Build Status](https://travis-ci.org/gkz/type-check.png?branch=master)](https://travis-ci.org/gkz/type-check)\n\n<a name=\"type-check\" />\n\n`type-check` is a library which allows you to check the types of JavaScript values at runtime with a Haskell like type syntax. It is great for checking external input, for testing, or even for adding a bit of safety to your internal code. It is a major component of [levn](https://github.com/gkz/levn). MIT license. Version 0.3.2. Check out the [demo](http://gkz.github.io/type-check/).\n\nFor updates on `type-check`, [follow me on twitter](https://twitter.com/gkzahariev).\n\n    npm install type-check\n\n## Quick Examples\n\n```js\n// Basic types:\nvar typeCheck = require('type-check').typeCheck;\ntypeCheck('Number', 1);               // true\ntypeCheck('Number', 'str');           // false\ntypeCheck('Error', new Error);        // true\ntypeCheck('Undefined', undefined);    // true\n\n// Comment\ntypeCheck('count::Number', 1);        // true\n\n// One type OR another type:\ntypeCheck('Number | String', 2);      // true\ntypeCheck('Number | String', 'str');  // true\n\n// Wildcard, matches all types:\ntypeCheck('*', 2) // true\n\n// Array, all elements of a single type:\ntypeCheck('[Number]', [1, 2, 3]);                // true\ntypeCheck('[Number]', [1, 'str', 3]);            // false\n\n// Tuples, or fixed length arrays with elements of different types:\ntypeCheck('(String, Number)', ['str', 2]);       // true\ntypeCheck('(String, Number)', ['str']);          // false\ntypeCheck('(String, Number)', ['str', 2, 5]);    // false\n\n// Object properties:\ntypeCheck('{x: Number, y: Boolean}', {x: 2, y: false});             // true\ntypeCheck('{x: Number, y: Boolean}',       {x: 2});                 // false\ntypeCheck('{x: Number, y: Maybe Boolean}', {x: 2});                 // true\ntypeCheck('{x: Number, y: Boolean}',      {x: 2, y: false, z: 3});  // false\ntypeCheck('{x: Number, y: Boolean, ...}', {x: 2, y: false, z: 3});  // true\n\n// A particular type AND object properties:\ntypeCheck('RegExp{source: String, ...}', /re/i);          // true\ntypeCheck('RegExp{source: String, ...}', {source: 're'}); // false\n\n// Custom types:\nvar opt = {customTypes:\n  {Even: { typeOf: 'Number', validate: function(x) { return x % 2 === 0; }}}};\ntypeCheck('Even', 2, opt); // true\n\n// Nested:\nvar type = '{a: (String, [Number], {y: Array, ...}), b: Error{message: String, ...}}'\ntypeCheck(type, {a: ['hi', [1, 2, 3], {y: [1, 'ms']}], b: new Error('oh no')}); // true\n```\n\nCheck out the [type syntax format](#syntax) and [guide](#guide).\n\n## Usage\n\n`require('type-check');` returns an object that exposes four properties. `VERSION` is the current version of the library as a string. `typeCheck`, `parseType`, and `parsedTypeCheck` are functions.\n\n```js\n// typeCheck(type, input, options);\ntypeCheck('Number', 2);               // true\n\n// parseType(type);\nvar parsedType = parseType('Number'); // object\n\n// parsedTypeCheck(parsedType, input, options);\nparsedTypeCheck(parsedType, 2);       // true\n```\n\n### typeCheck(type, input, options)\n\n`typeCheck` checks a JavaScript value `input` against `type` written in the [type format](#type-format) (and taking account the optional `options`) and returns whether the `input` matches the `type`.\n\n##### arguments\n* type - `String` - the type written in the [type format](#type-format) which to check against\n* input - `*` - any JavaScript value, which is to be checked against the type\n* options - `Maybe Object` - an optional parameter specifying additional options, currently the only available option is specifying [custom types](#custom-types)\n\n##### returns\n`Boolean` - whether the input matches the type\n\n##### example\n```js\ntypeCheck('Number', 2); // true\n```\n\n### parseType(type)\n\n`parseType` parses string `type` written in the [type format](#type-format) into an object representing the parsed type.\n\n##### arguments\n* type - `String` - the type written in the [type format](#type-format) which to parse\n\n##### returns\n`Object` - an object in the parsed type format representing the parsed type\n\n##### example\n```js\nparseType('Number'); // [{type: 'Number'}]\n```\n### parsedTypeCheck(parsedType, input, options)\n\n`parsedTypeCheck` checks a JavaScript value `input` against parsed `type` in the parsed type format (and taking account the optional `options`) and returns whether the `input` matches the `type`. Use this in conjunction with `parseType` if you are going to use a type more than once.\n\n##### arguments\n* type - `Object` - the type in the parsed type format which to check against\n* input - `*` - any JavaScript value, which is to be checked against the type\n* options - `Maybe Object` - an optional parameter specifying additional options, currently the only available option is specifying [custom types](#custom-types)\n\n##### returns\n`Boolean` - whether the input matches the type\n\n##### example\n```js\nparsedTypeCheck([{type: 'Number'}], 2); // true\nvar parsedType = parseType('String');\nparsedTypeCheck(parsedType, 'str');     // true\n```\n\n<a name=\"type-format\" />\n## Type Format\n\n### Syntax\n\nWhite space is ignored. The root node is a __Types__.\n\n* __Identifier__ = `[\\$\\w]+` - a group of any lower or upper case letters, numbers, underscores, or dollar signs - eg. `String`\n* __Type__ = an `Identifier`, an `Identifier` followed by a `Structure`, just a `Structure`, or a wildcard `*` - eg. `String`, `Object{x: Number}`, `{x: Number}`, `Array{0: String, 1: Boolean, length: Number}`, `*`\n* __Types__ = optionally a comment (an `Indentifier` followed by a `::`), optionally the identifier `Maybe`, one or more `Type`, separated by `|` - eg. `Number`, `String | Date`, `Maybe Number`, `Maybe Boolean | String`\n* __Structure__ = `Fields`, or a `Tuple`, or an `Array` - eg. `{x: Number}`, `(String, Number)`, `[Date]`\n* __Fields__ = a `{`, followed one or more `Field` separated by a comma `,` (trailing comma `,` is permitted), optionally an `...` (always preceded by a comma `,`), followed by a `}` - eg. `{x: Number, y: String}`, `{k: Function, ...}`\n* __Field__ = an `Identifier`, followed by a colon `:`, followed by `Types` - eg. `x: Date | String`, `y: Boolean`\n* __Tuple__ = a `(`, followed by one or more `Types` separated by a comma `,` (trailing comma `,` is permitted), followed by a `)` - eg `(Date)`, `(Number, Date)`\n* __Array__ = a `[` followed by exactly one `Types` followed by a `]` - eg. `[Boolean]`, `[Boolean | Null]`\n\n### Guide\n\n`type-check` uses `Object.toString` to find out the basic type of a value. Specifically,\n\n```js\n{}.toString.call(VALUE).slice(8, -1)\n{}.toString.call(true).slice(8, -1) // 'Boolean'\n```\nA basic type, eg. `Number`, uses this check. This is much more versatile than using `typeof` - for example, with `document`, `typeof` produces `'object'` which isn't that useful, and our technique produces `'HTMLDocument'`.\n\nYou may check for multiple types by separating types with a `|`. The checker proceeds from left to right, and passes if the value is any of the types - eg. `String | Boolean` first checks if the value is a string, and then if it is a boolean. If it is none of those, then it returns false.\n\nAdding a `Maybe` in front of a list of multiple types is the same as also checking for `Null` and `Undefined` - eg. `Maybe String` is equivalent to `Undefined | Null | String`.\n\nYou may add a comment to remind you of what the type is for by following an identifier with a `::` before a type (or multiple types). The comment is simply thrown out.\n\nThe wildcard `*` matches all types.\n\nThere are three types of structures for checking the contents of a value: 'fields', 'tuple', and 'array'.\n\nIf used by itself, a 'fields' structure will pass with any type of object as long as it is an instance of `Object` and the properties pass - this allows for duck typing - eg. `{x: Boolean}`.\n\nTo check if the properties pass, and the value is of a certain type, you can specify the type - eg. `Error{message: String}`.\n\nIf you want to make a field optional, you can simply use `Maybe` - eg. `{x: Boolean, y: Maybe String}` will still pass if `y` is undefined (or null).\n\nIf you don't care if the value has properties beyond what you have specified, you can use the 'etc' operator `...` - eg. `{x: Boolean, ...}` will match an object with an `x` property that is a boolean, and with zero or more other properties.\n\nFor an array, you must specify one or more types (separated by `|`) - it will pass for something of any length as long as each element passes the types provided - eg. `[Number]`, `[Number | String]`.\n\nA tuple checks for a fixed number of elements, each of a potentially different type. Each element is separated by a comma - eg. `(String, Number)`.\n\nAn array and tuple structure check that the value is of type `Array` by default, but if another type is specified, they will check for that instead - eg. `Int32Array[Number]`. You can use the wildcard `*` to search for any type at all.\n\nCheck out the [type precedence](https://github.com/zaboco/type-precedence) library for type-check.\n\n## Options\n\nOptions is an object. It is an optional parameter to the `typeCheck` and `parsedTypeCheck` functions. The only current option is `customTypes`.\n\n<a name=\"custom-types\" />\n### Custom Types\n\n__Example:__\n\n```js\nvar options = {\n  customTypes: {\n    Even: {\n      typeOf: 'Number',\n      validate: function(x) {\n        return x % 2 === 0;\n      }\n    }\n  }\n};\ntypeCheck('Even', 2, options); // true\ntypeCheck('Even', 3, options); // false\n```\n\n`customTypes` allows you to set up custom types for validation. The value of this is an object. The keys of the object are the types you will be matching. Each value of the object will be an object having a `typeOf` property - a string, and `validate` property - a function.\n\nThe `typeOf` property is the type the value should be, and `validate` is a function which should return true if the value is of that type. `validate` receives one parameter, which is the value that we are checking.\n\n## Technical About\n\n`type-check` is written in [LiveScript](http://livescript.net/) - a language that compiles to JavaScript. It also uses the [prelude.ls](http://preludels.com/) library.\n","maintainers":[{"name":"gkz","email":"z@georgezahariev.com"}],"time":{"modified":"2015-12-29T05:46:21.672Z","created":"2013-09-29T18:38:27.392Z","0.1.0":"2013-09-29T18:38:30.708Z","0.2.0":"2013-10-02T23:07:23.499Z","0.3.0":"2013-10-29T23:11:33.218Z","0.3.1":"2014-04-08T05:55:00.320Z","0.3.2":"2015-12-29T05:46:21.672Z"},"author":{"name":"George Zahariev","email":"z@georgezahariev.com"},"repository":{"type":"git","url":"git://github.com/gkz/type-check.git"},"homepage":"https://github.com/gkz/type-check","keywords":["type","check","checking","library"],"bugs":{"url":"https://github.com/gkz/type-check/issues"},"readmeFilename":"README.md","users":{"jay3sh":true,"michaelchance":true,"chocolateboy":true,"mzagorny":true,"matthewh":true,"kevin_11":true,"kevin_xi":true,"cr8tiv":true},"license":"MIT","_attachments":{},"_etag":"\"F2XGUCUGUXRHK41DBKU4K96PZ\""}