{"_id":"file-position","_rev":"2-73640c6da888fdc27a11402cee7aab69","name":"file-position","description":"Given a row/column number, return the index of that character within the whole string","dist-tags":{"latest":"0.0.0"},"versions":{"0.0.0":{"name":"file-position","description":"Given a row/column number, return the index of that character within the whole string","version":"0.0.0","main":"index.js","browser":"index.js","dependencies":{},"devDependencies":{"tape":"^2.10.2"},"scripts":{},"author":{"name":"Hugh Kennedy","email":"hughskennedy@gmail.com","url":"http://hughsk.io/"},"license":"MIT","repository":{"type":"git","url":"git://github.com/hughsk/file-position"},"bugs":{"url":"https://github.com/hughsk/file-position/issues"},"homepage":"https://github.com/hughsk/file-position","keywords":["file","position","row","column","index"],"_id":"file-position@0.0.0","dist":{"shasum":"ae4c65aaea60a14c97f71508c0abc86a8a5f088e","tarball":"https://registry.npmjs.org/file-position/-/file-position-0.0.0.tgz"},"_from":".","_npmVersion":"1.4.4","_npmUser":{"name":"hughsk","email":"hughskennedy@gmail.com"},"maintainers":[{"name":"hughsk","email":"hughskennedy@gmail.com"}],"directories":{}}},"readme":"# file-position [![Flattr this!](https://api.flattr.com/button/flattr-badge-large.png)](https://flattr.com/submit/auto?user_id=hughskennedy&url=http://github.com/hughsk/file-position&title=file-position&description=hughsk/file-position%20on%20GitHub&language=en_GB&tags=flattr,github,javascript&category=software)[![experimental](http://hughsk.github.io/stability-badges/dist/experimental.svg)](http://github.com/hughsk/stability-badges) #\n\nGiven a row/column number, return the index of that character within the whole string\n\n## Usage ##\n\n[![file-position](https://nodei.co/npm/file-position.png?mini=true)](https://nodei.co/npm/file-position)\n\n### `filePosition(src)(row, column)`\n\nPass `filePosition` your source file `src` as a string, and it'll return a function. This function takes a `row` and a `column` parameter to look up.\n\nIn return, you'll get a single index pointing to the character's position in\nthe entire string.\n\n``` javascript\nvar position = require('file-position')\nvar fs = require('fs')\n\nvar file = fs.readFileSync(__filename, 'utf8')\n\nvar getIndex = position(src)\nvar column = 10\nvar row = 5\n\nvar index = getIndex(row, column)\n```\n\n## License ##\n\nMIT. See [LICENSE.md](http://github.com/hughsk/file-position/blob/master/LICENSE.md) for details.\n","maintainers":[{"name":"hughsk","email":"hughskennedy@gmail.com"}],"time":{"modified":"2014-03-12T11:38:26.755Z","created":"2014-03-12T11:38:26.755Z","0.0.0":"2014-03-12T11:38:26.755Z"},"homepage":"https://github.com/hughsk/file-position","keywords":["file","position","row","column","index"],"repository":{"type":"git","url":"git://github.com/hughsk/file-position"},"author":{"name":"Hugh Kennedy","email":"hughskennedy@gmail.com","url":"http://hughsk.io/"},"bugs":{"url":"https://github.com/hughsk/file-position/issues"},"license":"MIT","readmeFilename":"README.md","_attachments":{},"_etag":"\"3818FMGHZGLAQFICEJZ1CWQHY\"","_cached":true}