{"_id":"jsxformat","_rev":"34-110b69efbfac1b1f777dc08deffe6468","name":"jsxformat","description":"JSX formatting tool","dist-tags":{"latest":"0.0.10"},"versions":{"0.0.1":{"name":"jsxformat","version":"0.0.1","description":"JSX formatting tool","main":"lib/index.js","directories":{"test":"test"},"dependencies":{"rocambole":"~0.3.6","lodash":"~2.4.1","rocambole-token":"~1.2.1","underscore.string":"~2.4.0"},"devDependencies":{"chai":"~1.10.0","mocha":"~2.1.0"},"scripts":{"test":"mocha test --recursive"},"repository":{"type":"git","url":"git://github.com/orktes/jsxformat.git"},"keywords":["esprima","react","jsx","format","esformatter"],"author":{"name":"Jaakko Lukkari"},"license":"MIT","bugs":{"url":"https://github.com/orktes/jsxformat/issues"},"_id":"jsxformat@0.0.1","dist":{"shasum":"4a1f6d3820b111b96eda69f8d18fd02d26a78e18","tarball":"https://registry.npmjs.org/jsxformat/-/jsxformat-0.0.1.tgz"},"_from":".","_npmVersion":"1.3.2","_npmUser":{"name":"orktes","email":"jaakko.lukkari@gmail.com"},"maintainers":[{"name":"orktes","email":"jaakko.lukkari@gmail.com"}]},"0.0.2":{"name":"jsxformat","version":"0.0.2","description":"JSX formatting tool","main":"lib/index.js","directories":{"test":"test"},"dependencies":{"rocambole":"git://github.com/millermedeiros/rocambole.git#1bd5044df1d6c888a1bd1b511158fb34b011e9aa","lodash":"~2.4.1","rocambole-token":"~1.2.1","underscore.string":"~2.4.0"},"devDependencies":{"chai":"~1.10.0","mocha":"~2.1.0"},"scripts":{"test":"mocha test --recursive"},"repository":{"type":"git","url":"git://github.com/orktes/jsxformat.git"},"keywords":["esprima","react","jsx","format","esformatter"],"author":{"name":"Jaakko Lukkari"},"license":"MIT","bugs":{"url":"https://github.com/orktes/jsxformat/issues"},"_id":"jsxformat@0.0.2","dist":{"shasum":"11176d47cd5ee0fb47e07e33a0a4b11360766af4","tarball":"https://registry.npmjs.org/jsxformat/-/jsxformat-0.0.2.tgz"},"_from":".","_npmVersion":"1.3.2","_npmUser":{"name":"orktes","email":"jaakko.lukkari@gmail.com"},"maintainers":[{"name":"orktes","email":"jaakko.lukkari@gmail.com"}]},"0.0.3":{"name":"jsxformat","version":"0.0.3","description":"JSX formatting tool","main":"lib/index.js","directories":{"test":"test"},"dependencies":{"rocambole":"git://github.com/millermedeiros/rocambole.git#1bd5044df1d6c888a1bd1b511158fb34b011e9aa","lodash":"~2.4.1","rocambole-token":"~1.2.1","underscore.string":"~2.4.0"},"devDependencies":{"chai":"~1.10.0","mocha":"~2.1.0"},"scripts":{"test":"mocha test --recursive"},"repository":{"type":"git","url":"git://github.com/orktes/jsxformat.git"},"keywords":["esprima","react","jsx","format","esformatter"],"author":{"name":"Jaakko Lukkari"},"license":"MIT","bugs":{"url":"https://github.com/orktes/jsxformat/issues"},"_id":"jsxformat@0.0.3","dist":{"shasum":"6a883b6587d9734c8b0ee29fcdb0610a564f29fb","tarball":"https://registry.npmjs.org/jsxformat/-/jsxformat-0.0.3.tgz"},"_from":".","_npmVersion":"1.3.2","_npmUser":{"name":"orktes","email":"jaakko.lukkari@gmail.com"},"maintainers":[{"name":"orktes","email":"jaakko.lukkari@gmail.com"}]},"0.0.4":{"name":"jsxformat","version":"0.0.4","description":"JSX formatting tool","main":"lib/index.js","directories":{"test":"test"},"dependencies":{"rocambole":"git://github.com/millermedeiros/rocambole.git#1bd5044df1d6c888a1bd1b511158fb34b011e9aa","lodash":"~2.4.1","rocambole-token":"~1.2.1","underscore.string":"~2.4.0"},"devDependencies":{"chai":"~1.10.0","mocha":"~2.1.0"},"scripts":{"test":"mocha test --recursive"},"repository":{"type":"git","url":"git://github.com/orktes/jsxformat.git"},"keywords":["esprima","react","jsx","format","esformatter"],"author":{"name":"Jaakko Lukkari"},"license":"MIT","bugs":{"url":"https://github.com/orktes/jsxformat/issues"},"_id":"jsxformat@0.0.4","dist":{"shasum":"924b70191dd2805684377f2ba8a5e411d0442b93","tarball":"https://registry.npmjs.org/jsxformat/-/jsxformat-0.0.4.tgz"},"_from":".","_npmVersion":"1.3.2","_npmUser":{"name":"orktes","email":"jaakko.lukkari@gmail.com"},"maintainers":[{"name":"orktes","email":"jaakko.lukkari@gmail.com"}]},"0.0.5":{"name":"jsxformat","version":"0.0.5","description":"JSX formatting tool","main":"lib/index.js","directories":{"test":"test"},"dependencies":{"rocambole":"git://github.com/millermedeiros/rocambole.git#1bd5044df1d6c888a1bd1b511158fb34b011e9aa","lodash":"~2.4.1","rocambole-token":"~1.2.1","underscore.string":"~2.4.0"},"devDependencies":{"chai":"~1.10.0","mocha":"~2.1.0"},"scripts":{"test":"mocha test --recursive"},"repository":{"type":"git","url":"git://github.com/orktes/jsxformat.git"},"keywords":["esprima","react","jsx","format","esformatter"],"author":{"name":"Jaakko Lukkari"},"license":"MIT","bugs":{"url":"https://github.com/orktes/jsxformat/issues"},"_id":"jsxformat@0.0.5","dist":{"shasum":"bf941fca4673bb893628a6010592ad4b9199d6c1","tarball":"https://registry.npmjs.org/jsxformat/-/jsxformat-0.0.5.tgz"},"_from":".","_npmVersion":"1.3.2","_npmUser":{"name":"orktes","email":"jaakko.lukkari@gmail.com"},"maintainers":[{"name":"orktes","email":"jaakko.lukkari@gmail.com"}]},"0.0.6":{"name":"jsxformat","version":"0.0.6","description":"JSX formatting tool","main":"lib/index.js","directories":{"test":"test"},"dependencies":{"rocambole":"git://github.com/millermedeiros/rocambole.git#1bd5044df1d6c888a1bd1b511158fb34b011e9aa","lodash":"~2.4.1","rocambole-token":"~1.2.1","underscore.string":"~2.4.0"},"devDependencies":{"chai":"~1.10.0","mocha":"~2.1.0"},"scripts":{"test":"mocha test --recursive"},"repository":{"type":"git","url":"git://github.com/orktes/jsxformat.git"},"keywords":["esprima","react","jsx","format","esformatter"],"author":{"name":"Jaakko Lukkari"},"license":"MIT","bugs":{"url":"https://github.com/orktes/jsxformat/issues"},"_id":"jsxformat@0.0.6","dist":{"shasum":"94f4db55cce4959e08d35250ec9ce994e2a3a566","tarball":"https://registry.npmjs.org/jsxformat/-/jsxformat-0.0.6.tgz"},"_from":".","_npmVersion":"1.3.2","_npmUser":{"name":"orktes","email":"jaakko.lukkari@gmail.com"},"maintainers":[{"name":"orktes","email":"jaakko.lukkari@gmail.com"}]},"0.0.7":{"name":"jsxformat","version":"0.0.7","description":"JSX formatting tool","main":"lib/index.js","directories":{"test":"test"},"dependencies":{"rocambole":"git://github.com/millermedeiros/rocambole.git#1bd5044df1d6c888a1bd1b511158fb34b011e9aa","lodash":"~2.4.1","rocambole-token":"~1.2.1","underscore.string":"~2.4.0"},"devDependencies":{"chai":"~1.10.0","mocha":"~2.1.0"},"scripts":{"test":"mocha test --recursive"},"repository":{"type":"git","url":"git://github.com/orktes/jsxformat.git"},"keywords":["esprima","react","jsx","format","esformatter"],"author":{"name":"Jaakko Lukkari"},"license":"MIT","bugs":{"url":"https://github.com/orktes/jsxformat/issues"},"_id":"jsxformat@0.0.7","dist":{"shasum":"030d42502a3f9299a783358e244cd6e1cd1be395","tarball":"https://registry.npmjs.org/jsxformat/-/jsxformat-0.0.7.tgz"},"_from":".","_npmVersion":"1.3.2","_npmUser":{"name":"orktes","email":"jaakko.lukkari@gmail.com"},"maintainers":[{"name":"orktes","email":"jaakko.lukkari@gmail.com"}]},"0.0.8":{"name":"jsxformat","version":"0.0.8","description":"JSX formatting tool","main":"lib/index.js","directories":{"test":"test"},"dependencies":{"rocambole":"git+https://github.com/millermedeiros/rocambole.git#1bd5044df1d6c888a1bd1b511158fb34b011e9aa","lodash":"~2.4.1","rocambole-token":"~1.2.1","underscore.string":"~2.4.0"},"devDependencies":{"chai":"~1.10.0","mocha":"~2.1.0"},"scripts":{"test":"mocha test --recursive"},"repository":{"type":"git","url":"git://github.com/orktes/jsxformat.git"},"keywords":["esprima","react","jsx","format","esformatter"],"author":{"name":"Jaakko Lukkari"},"license":"MIT","bugs":{"url":"https://github.com/orktes/jsxformat/issues"},"_id":"jsxformat@0.0.8","dist":{"shasum":"3b2fa86dc1ffd65ef106d7937704e7d57b2ce0c0","tarball":"https://registry.npmjs.org/jsxformat/-/jsxformat-0.0.8.tgz"},"_from":".","_npmVersion":"1.3.2","_npmUser":{"name":"orktes","email":"jaakko.lukkari@gmail.com"},"maintainers":[{"name":"orktes","email":"jaakko.lukkari@gmail.com"}]},"0.0.9":{"name":"jsxformat","version":"0.0.9","description":"JSX formatting tool","main":"lib/index.js","directories":{"test":"test"},"dependencies":{"rocambole":"git+https://github.com/millermedeiros/rocambole.git#1bd5044df1d6c888a1bd1b511158fb34b011e9aa","lodash":"~2.4.1","rocambole-token":"~1.2.1","underscore.string":"~2.4.0"},"devDependencies":{"chai":"~1.10.0","mocha":"~2.1.0"},"scripts":{"test":"mocha test --recursive"},"repository":{"type":"git","url":"git://github.com/orktes/jsxformat.git"},"keywords":["esprima","react","jsx","format","esformatter"],"author":{"name":"Jaakko Lukkari"},"license":"MIT","bugs":{"url":"https://github.com/orktes/jsxformat/issues"},"gitHead":"80e78a872fe258e9664e0e3111c4f9ad3df34c40","homepage":"https://github.com/orktes/jsxformat","_id":"jsxformat@0.0.9","_shasum":"6f6cea9711e188da95a76d05dc7d1d10339697c6","_from":".","_npmVersion":"2.0.0","_npmUser":{"name":"orktes","email":"jaakko.lukkari@gmail.com"},"dist":{"shasum":"6f6cea9711e188da95a76d05dc7d1d10339697c6","tarball":"https://registry.npmjs.org/jsxformat/-/jsxformat-0.0.9.tgz"},"maintainers":[{"name":"orktes","email":"jaakko.lukkari@gmail.com"}]},"0.0.10":{"name":"jsxformat","version":"0.0.10","description":"JSX formatting tool","main":"lib/index.js","directories":{"test":"test"},"dependencies":{"rocambole":"git+https://github.com/millermedeiros/rocambole.git#1bd5044df1d6c888a1bd1b511158fb34b011e9aa","lodash":"~2.4.1","rocambole-token":"~1.2.1","underscore.string":"~2.4.0"},"devDependencies":{"chai":"~1.10.0","mocha":"~2.1.0"},"scripts":{"test":"mocha test --recursive"},"repository":{"type":"git","url":"git://github.com/orktes/jsxformat.git"},"keywords":["esprima","react","jsx","format","esformatter"],"author":{"name":"Jaakko Lukkari"},"license":"MIT","bugs":{"url":"https://github.com/orktes/jsxformat/issues"},"gitHead":"b92a38155dd271f91c6e908e9ab2ab905ba62f97","homepage":"https://github.com/orktes/jsxformat#readme","_id":"jsxformat@0.0.10","_shasum":"d03b6dd7a9e6b58c723b9bbbd05cd1c887a24bcb","_from":".","_npmVersion":"2.13.2","_nodeVersion":"2.5.0","_npmUser":{"name":"orktes","email":"jaakko.lukkari@gmail.com"},"dist":{"shasum":"d03b6dd7a9e6b58c723b9bbbd05cd1c887a24bcb","tarball":"https://registry.npmjs.org/jsxformat/-/jsxformat-0.0.10.tgz"},"maintainers":[{"name":"orktes","email":"jaakko.lukkari@gmail.com"}]}},"readme":"# jsxformat\n\nUsed for atom-react (atom react support).\n\nTool to reformat JSX (react) code. Splits tags with multiple attributes into multiple lines. Adds line breaks to multiple nested tags on the same line.\n\n\nNOTE: This tool doesn't currently reindent formatted code. Indentation is handled on the atom-react plugin side.\n","maintainers":[{"name":"orktes","email":"jaakko.lukkari@gmail.com"}],"time":{"modified":"2015-09-10T18:02:25.023Z","created":"2015-01-15T14:03:20.885Z","0.0.1":"2015-01-15T14:03:21.896Z","0.0.2":"2015-01-15T14:48:36.408Z","0.0.3":"2015-01-16T15:20:56.578Z","0.0.4":"2015-01-18T13:32:35.877Z","0.0.5":"2015-01-20T09:03:18.831Z","0.0.6":"2015-01-20T15:20:14.600Z","0.0.7":"2015-01-26T17:02:34.296Z","0.0.8":"2015-01-31T12:37:59.261Z","0.0.9":"2015-04-19T13:18:46.034Z","0.0.10":"2015-09-10T18:02:25.023Z"},"readmeFilename":"README.md","keywords":["esprima","react","jsx","format","esformatter"],"repository":{"type":"git","url":"git://github.com/orktes/jsxformat.git"},"author":{"name":"Jaakko Lukkari"},"bugs":{"url":"https://github.com/orktes/jsxformat/issues"},"license":"MIT","homepage":"https://github.com/orktes/jsxformat#readme","_attachments":{},"_etag":"\"MR6SG47QW6RVQD2C5CQ70WXY\""}