{"_id":"clone","_rev":"127-a07ebb94f48258e9fca87950df92d28a","name":"clone","description":"deep cloning of objects and arrays","dist-tags":{"stable":"1.0.2","latest":"2.0.0"},"versions":{"0.0.0":{"author":{"name":"Paul Vorbach","email":"paul@vorb.de","url":"http://vorb.de"},"name":"clone","description":"deep cloning of objects and arrays","tags":["clone","object","array"],"version":"0.0.0","repository":{"type":"git","url":"git://github.com/pvorb/node-clone.git"},"bugs":{"url":"https://github.com/pvorb/node-clone/issues"},"main":"clone.js","engines":{"node":"*"},"_npmJsonOpts":{"file":"/home/paul/.npm/clone/0.0.0/package/package.json","wscript":false,"contributors":false,"serverjs":false},"_id":"clone@0.0.0","dependencies":{},"devDependencies":{},"_engineSupported":true,"_npmVersion":"1.0.26","_nodeVersion":"v0.4.11","_defaultsLoaded":true,"dist":{"shasum":"ed7d92f31a09d9aab8a59941e91a2bb34d592599","tarball":"https://registry.npmjs.org/clone/-/clone-0.0.0.tgz"},"scripts":{},"maintainers":[{"name":"pvorb","email":"paul@vorb.de"}],"directories":{}},"0.0.1":{"author":{"name":"Paul Vorbach","email":"paul@vorb.de","url":"http://vorb.de"},"name":"clone","description":"deep cloning of objects and arrays","tags":["clone","object","array"],"version":"0.0.1","repository":{"type":"git","url":"git://github.com/pvorb/node-clone.git"},"bugs":{"url":"https://github.com/pvorb/node-clone/issues"},"main":"clone.js","engines":{"node":"*"},"_npmJsonOpts":{"file":"/home/paul/.npm/clone/0.0.1/package/package.json","wscript":false,"contributors":false,"serverjs":false},"_id":"clone@0.0.1","dependencies":{},"devDependencies":{},"_engineSupported":true,"_npmVersion":"1.0.26","_nodeVersion":"v0.4.11","_defaultsLoaded":true,"dist":{"shasum":"a7e9554be7f06b977a0c126f9b144cd21c7338b3","tarball":"https://registry.npmjs.org/clone/-/clone-0.0.1.tgz"},"scripts":{},"maintainers":[{"name":"pvorb","email":"paul@vorb.de"}],"directories":{}},"0.0.2":{"author":{"name":"Paul Vorbach","email":"paul@vorb.de","url":"http://vorb.de"},"name":"clone","description":"deep cloning of objects and arrays","tags":["clone","object","array","function","date"],"version":"0.0.2","repository":{"type":"git","url":"git://github.com/pvorb/node-clone.git"},"bugs":{"url":"https://github.com/pvorb/node-clone/issues"},"main":"clone.js","engines":{"node":"*"},"_npmJsonOpts":{"file":"/home/paul/.npm/clone/0.0.2/package/package.json","wscript":false,"contributors":false,"serverjs":false},"_id":"clone@0.0.2","dependencies":{},"devDependencies":{},"_engineSupported":true,"_npmVersion":"1.0.26","_nodeVersion":"v0.4.11","_defaultsLoaded":true,"dist":{"shasum":"bd6b2dc14abe64e9b7608e6fa99a0bdaa58cce0c","tarball":"https://registry.npmjs.org/clone/-/clone-0.0.2.tgz"},"scripts":{},"maintainers":[{"name":"pvorb","email":"paul@vorb.de"}],"directories":{}},"0.0.3":{"author":{"name":"Paul Vorbach","email":"paul@vorb.de","url":"http://vorb.de"},"name":"clone","description":"deep cloning of objects and arrays","tags":["clone","object","array","function","date"],"version":"0.0.3","repository":{"type":"git","url":"git://github.com/pvorb/node-clone.git"},"bugs":{"url":"https://github.com/pvorb/node-clone/issues"},"main":"clone.js","engines":{"node":"*"},"_npmJsonOpts":{"file":"/home/paul/.npm/clone/0.0.3/package/package.json","wscript":false,"contributors":false,"serverjs":false},"_id":"clone@0.0.3","dependencies":{},"devDependencies":{},"_engineSupported":true,"_npmVersion":"1.0.30","_nodeVersion":"v0.4.12","_defaultsLoaded":true,"dist":{"shasum":"4cde8ef4ebafc550bbee7c38ccb815c20f1d97cd","tarball":"https://registry.npmjs.org/clone/-/clone-0.0.3.tgz"},"maintainers":[{"name":"pvorb","email":"paul@vorb.de"}],"directories":{}},"0.0.4":{"author":{"name":"Paul Vorbach","email":"paul@vorb.de","url":"http://vorb.de"},"name":"clone","description":"deep cloning of objects and arrays","tags":["clone","object","array","function","date"],"version":"0.0.4","repository":{"type":"git","url":"git://github.com/pvorb/node-clone.git"},"bugs":{"url":"https://github.com/pvorb/node-clone/issues"},"main":"clone.js","contributors":[{"name":"Blake Miner","email":"miner.blake@gmail.com","url":"http://www.blakeminer.com"},{"name":"Tian You","email":"axqd001@gmail.com","url":"http://blog.axqd.net/"}],"engines":{"node":"*"},"_npmUser":{"name":"pvorb","email":"paul@vorb.de"},"_id":"clone@0.0.4","dependencies":{},"devDependencies":{},"_engineSupported":true,"_npmVersion":"1.0.106","_nodeVersion":"v0.6.2","_defaultsLoaded":true,"dist":{"shasum":"7b12de7297526de0f6a211e8a7147e97471d15a7","tarball":"https://registry.npmjs.org/clone/-/clone-0.0.4.tgz"},"maintainers":[{"name":"pvorb","email":"paul@vorb.de"}],"directories":{}},"0.0.5":{"name":"clone","description":"deep cloning of objects and arrays","tags":["clone","object","array","function","date"],"version":"0.0.5","repository":{"type":"git","url":"git://github.com/pvorb/node-clone.git"},"bugs":{"url":"https://github.com/pvorb/node-clone/issues"},"main":"clone.js","author":{"name":"Paul Vorbach","email":"paul@vorb.de","url":"http://vorb.de"},"contributors":[{"name":"Blake Miner","email":"miner.blake@gmail.com","url":"http://www.blakeminer.com/"},{"name":"Tian You","email":"axqd001@gmail.com","url":"http://blog.axqd.net/"},{"name":"George Stagas","email":"gstagas@gmail.com","url":"http://stagas.com/"}],"engines":{"node":"*"},"dependencies":{},"devDependencies":{},"optionalDependencies":{},"_npmUser":{"name":"pvorb","email":"paul@vorb.de"},"_id":"clone@0.0.5","_engineSupported":true,"_npmVersion":"1.1.0-2","_nodeVersion":"v0.6.10","_defaultsLoaded":true,"dist":{"shasum":"ce2b793f40102da56199cee8b3374390d701705f","tarball":"https://registry.npmjs.org/clone/-/clone-0.0.5.tgz"},"maintainers":[{"name":"pvorb","email":"paul@vorb.de"}],"directories":{}},"0.0.6":{"name":"clone","description":"deep cloning of objects and arrays","tags":["clone","object","array","function","date"],"version":"0.0.6","repository":{"type":"git","url":"git://github.com/pvorb/node-clone.git"},"bugs":{"url":"https://github.com/pvorb/node-clone/issues"},"main":"clone.js","author":{"name":"Paul Vorbach","email":"paul@vorb.de","url":"http://vorb.de"},"contributors":[{"name":"Blake Miner","email":"miner.blake@gmail.com","url":"http://www.blakeminer.com/"},{"name":"Tian You","email":"axqd001@gmail.com","url":"http://blog.axqd.net/"},{"name":"George Stagas","email":"gstagas@gmail.com","url":"http://stagas.com/"},{"name":"Tobiasz Cudnik","email":"tobiasz.cudnik@gmail.com","url":"https://github.com/TobiaszCudnik"}],"engines":{"node":"*"},"dependencies":{},"devDependencies":{},"optionalDependencies":{},"_npmUser":{"name":"pvorb","email":"paul@vorb.de"},"_id":"clone@0.0.6","_engineSupported":true,"_npmVersion":"1.1.0-2","_nodeVersion":"v0.6.10","_defaultsLoaded":true,"dist":{"shasum":"19f8ecc2deaec17620853a3f173ec09949f7e02a","tarball":"https://registry.npmjs.org/clone/-/clone-0.0.6.tgz"},"maintainers":[{"name":"pvorb","email":"paul@vorb.de"}],"directories":{}},"0.0.7":{"name":"clone","description":"deep cloning of objects and arrays","tags":["clone","object","array","function","date"],"version":"0.0.7","repository":{"type":"git","url":"git://github.com/pvorb/node-clone.git"},"bugs":{"url":"https://github.com/pvorb/node-clone/issues"},"main":"clone.js","author":{"name":"Paul Vorbach","email":"paul@vorb.de","url":"http://vorb.de"},"contributors":[{"name":"Blake Miner","email":"miner.blake@gmail.com","url":"http://www.blakeminer.com/"},{"name":"Tian You","email":"axqd001@gmail.com","url":"http://blog.axqd.net/"},{"name":"George Stagas","email":"gstagas@gmail.com","url":"http://stagas.com/"},{"name":"Tobiasz Cudnik","email":"tobiasz.cudnik@gmail.com","url":"https://github.com/TobiaszCudnik"},{"name":"Pavel Lang","email":"langpavel@phpskelet.org","url":"https://github.com/langpavel"}],"engines":{"node":"*"},"dependencies":{},"devDependencies":{"underscore":"*","nodeunit":"*"},"optionalDependencies":{},"scripts":{"test":"./node_modules/nodeunit/bin/nodeunit ./test.js"},"_npmUser":{"name":"pvorb","email":"paul@vorb.de"},"_id":"clone@0.0.7","_engineSupported":true,"_npmVersion":"1.1.0-2","_nodeVersion":"v0.6.15","_defaultsLoaded":true,"dist":{"shasum":"55dac1661a628d01896b4da5ddb49badecb00f11","tarball":"https://registry.npmjs.org/clone/-/clone-0.0.7.tgz"},"maintainers":[{"name":"pvorb","email":"paul@vorb.de"}],"directories":{}},"0.1.0":{"name":"clone","description":"deep cloning of objects and arrays","tags":["clone","object","array","function","date"],"version":"0.1.0","repository":{"type":"git","url":"git://github.com/pvorb/node-clone.git"},"bugs":{"url":"https://github.com/pvorb/node-clone/issues"},"main":"clone.js","author":{"name":"Paul Vorbach","email":"paul@vorb.de","url":"http://vorb.de"},"contributors":[{"name":"Blake Miner","email":"miner.blake@gmail.com","url":"http://www.blakeminer.com/"},{"name":"Tian You","email":"axqd001@gmail.com","url":"http://blog.axqd.net/"},{"name":"George Stagas","email":"gstagas@gmail.com","url":"http://stagas.com/"},{"name":"Tobiasz Cudnik","email":"tobiasz.cudnik@gmail.com","url":"https://github.com/TobiaszCudnik"},{"name":"Pavel Lang","email":"langpavel@phpskelet.org","url":"https://github.com/langpavel"}],"engines":{"node":"*"},"dependencies":{},"devDependencies":{"underscore":"*","nodeunit":"*"},"optionalDependencies":{},"scripts":{"test":"./node_modules/nodeunit/bin/nodeunit ./test.js"},"_id":"clone@0.1.0","dist":{"shasum":"f0989c0a2e9f7870ee1b5c24f56d8d4003e2ebd9","tarball":"https://registry.npmjs.org/clone/-/clone-0.1.0.tgz"},"maintainers":[{"name":"pvorb","email":"paul@vorb.de"}],"directories":{}},"0.1.1":{"name":"clone","description":"deep cloning of objects and arrays","tags":["clone","object","array","function","date"],"version":"0.1.1","repository":{"type":"git","url":"git://github.com/pvorb/node-clone.git"},"bugs":{"url":"https://github.com/pvorb/node-clone/issues"},"main":"clone.js","author":{"name":"Paul Vorbach","email":"paul@vorb.de","url":"http://vorb.de"},"contributors":[{"name":"Blake Miner","email":"miner.blake@gmail.com","url":"http://www.blakeminer.com/"},{"name":"Tian You","email":"axqd001@gmail.com","url":"http://blog.axqd.net/"},{"name":"George Stagas","email":"gstagas@gmail.com","url":"http://stagas.com/"},{"name":"Tobiasz Cudnik","email":"tobiasz.cudnik@gmail.com","url":"https://github.com/TobiaszCudnik"},{"name":"Pavel Lang","email":"langpavel@phpskelet.org","url":"https://github.com/langpavel"}],"engines":{"node":"*"},"dependencies":{},"devDependencies":{"underscore":"*","nodeunit":"*"},"optionalDependencies":{},"scripts":{"test":"nodeunit test.js"},"_id":"clone@0.1.1","dist":{"shasum":"e930eb8704fe1caa54b41d4c681db63c6f6cb034","tarball":"https://registry.npmjs.org/clone/-/clone-0.1.1.tgz"},"_npmVersion":"1.1.59","_npmUser":{"name":"pvorb","email":"paul@vorb.de"},"maintainers":[{"name":"pvorb","email":"paul@vorb.de"}],"directories":{}},"0.1.2":{"name":"clone","description":"deep cloning of objects and arrays","tags":["clone","object","array","function","date"],"version":"0.1.2","repository":{"type":"git","url":"git://github.com/pvorb/node-clone.git"},"bugs":{"url":"https://github.com/pvorb/node-clone/issues"},"main":"clone.js","author":{"name":"Paul Vorbach","email":"paul@vorb.de","url":"http://vorb.de"},"contributors":[{"name":"Blake Miner","email":"miner.blake@gmail.com","url":"http://www.blakeminer.com/"},{"name":"Tian You","email":"axqd001@gmail.com","url":"http://blog.axqd.net/"},{"name":"George Stagas","email":"gstagas@gmail.com","url":"http://stagas.com/"},{"name":"Tobiasz Cudnik","email":"tobiasz.cudnik@gmail.com","url":"https://github.com/TobiaszCudnik"},{"name":"Pavel Lang","email":"langpavel@phpskelet.org","url":"https://github.com/langpavel"}],"engines":{"node":"*"},"dependencies":{},"devDependencies":{"underscore":"*","nodeunit":"*"},"optionalDependencies":{},"scripts":{"test":"nodeunit test.js"},"_id":"clone@0.1.2","dist":{"shasum":"fe54d62236ca75eb0e1fdb68e6d4826f7b02d4c4","tarball":"https://registry.npmjs.org/clone/-/clone-0.1.2.tgz"},"_npmVersion":"1.1.65","_npmUser":{"name":"pvorb","email":"paul@vorb.de"},"maintainers":[{"name":"pvorb","email":"paul@vorb.de"}],"directories":{}},"0.1.3":{"name":"clone","description":"deep cloning of objects and arrays","tags":["clone","object","array","function","date"],"version":"0.1.3","repository":{"type":"git","url":"git://github.com/pvorb/node-clone.git"},"bugs":{"url":"https://github.com/pvorb/node-clone/issues"},"main":"clone.js","author":{"name":"Paul Vorbach","email":"paul@vorb.de","url":"http://vorb.de"},"contributors":[{"name":"Blake Miner","email":"miner.blake@gmail.com","url":"http://www.blakeminer.com/"},{"name":"Tian You","email":"axqd001@gmail.com","url":"http://blog.axqd.net/"},{"name":"George Stagas","email":"gstagas@gmail.com","url":"http://stagas.com/"},{"name":"Tobiasz Cudnik","email":"tobiasz.cudnik@gmail.com","url":"https://github.com/TobiaszCudnik"},{"name":"Pavel Lang","email":"langpavel@phpskelet.org","url":"https://github.com/langpavel"}],"engines":{"node":"*"},"dependencies":{},"devDependencies":{"underscore":"*","nodeunit":"*"},"optionalDependencies":{},"scripts":{"test":"nodeunit test.js"},"_id":"clone@0.1.3","dist":{"shasum":"1d2c625ed8a78cba00769e8f49d9677e50617961","tarball":"https://registry.npmjs.org/clone/-/clone-0.1.3.tgz"},"_npmVersion":"1.1.65","_npmUser":{"name":"pvorb","email":"paul@vorb.de"},"maintainers":[{"name":"pvorb","email":"paul@vorb.de"}],"directories":{}},"0.1.4":{"name":"clone","description":"deep cloning of objects and arrays","tags":["clone","object","array","function","date"],"version":"0.1.4","repository":{"type":"git","url":"git://github.com/pvorb/node-clone.git"},"bugs":{"url":"https://github.com/pvorb/node-clone/issues"},"main":"clone.js","author":{"name":"Paul Vorbach","email":"paul@vorb.de","url":"http://vorb.de"},"contributors":[{"name":"Blake Miner","email":"miner.blake@gmail.com","url":"http://www.blakeminer.com/"},{"name":"Tian You","email":"axqd001@gmail.com","url":"http://blog.axqd.net/"},{"name":"George Stagas","email":"gstagas@gmail.com","url":"http://stagas.com/"},{"name":"Tobiasz Cudnik","email":"tobiasz.cudnik@gmail.com","url":"https://github.com/TobiaszCudnik"},{"name":"Pavel Lang","email":"langpavel@phpskelet.org","url":"https://github.com/langpavel"},{"name":"Dan MacTough","url":"http://yabfog.com/"}],"engines":{"node":"*"},"dependencies":{},"devDependencies":{"underscore":"*","nodeunit":"*"},"optionalDependencies":{},"scripts":{"test":"nodeunit test.js"},"_id":"clone@0.1.4","dist":{"shasum":"c21c5e3831abdef52f52a607dab167fae31683d3","tarball":"https://registry.npmjs.org/clone/-/clone-0.1.4.tgz"},"_npmVersion":"1.1.65","_npmUser":{"name":"pvorb","email":"paul@vorb.de"},"maintainers":[{"name":"pvorb","email":"paul@vorb.de"}],"directories":{}},"0.1.5":{"name":"clone","description":"deep cloning of objects and arrays","tags":["clone","object","array","function","date"],"version":"0.1.5","repository":{"type":"git","url":"git://github.com/pvorb/node-clone.git"},"bugs":{"url":"https://github.com/pvorb/node-clone/issues"},"main":"clone.js","author":{"name":"Paul Vorbach","email":"paul@vorb.de","url":"http://vorb.de"},"contributors":[{"name":"Blake Miner","email":"miner.blake@gmail.com","url":"http://www.blakeminer.com/"},{"name":"Tian You","email":"axqd001@gmail.com","url":"http://blog.axqd.net/"},{"name":"George Stagas","email":"gstagas@gmail.com","url":"http://stagas.com/"},{"name":"Tobiasz Cudnik","email":"tobiasz.cudnik@gmail.com","url":"https://github.com/TobiaszCudnik"},{"name":"Pavel Lang","email":"langpavel@phpskelet.org","url":"https://github.com/langpavel"},{"name":"Dan MacTough","url":"http://yabfog.com/"},{"name":"w1nk","url":"https://github.com/w1nk"}],"engines":{"node":"*"},"dependencies":{},"devDependencies":{"underscore":"*","nodeunit":"*"},"optionalDependencies":{},"scripts":{"test":"nodeunit test.js"},"_id":"clone@0.1.5","dist":{"shasum":"46f29143d0766d663dbd7f80b7520a15783d2042","tarball":"https://registry.npmjs.org/clone/-/clone-0.1.5.tgz"},"_npmVersion":"1.1.65","_npmUser":{"name":"pvorb","email":"paul@vorb.de"},"maintainers":[{"name":"pvorb","email":"paul@vorb.de"}],"directories":{}},"0.1.6":{"name":"clone","description":"deep cloning of objects and arrays","tags":["clone","object","array","function","date"],"version":"0.1.6","repository":{"type":"git","url":"git://github.com/pvorb/node-clone.git"},"bugs":{"url":"https://github.com/pvorb/node-clone/issues"},"main":"clone.js","author":{"name":"Paul Vorbach","email":"paul@vorb.de","url":"http://vorb.de"},"contributors":[{"name":"Blake Miner","email":"miner.blake@gmail.com","url":"http://www.blakeminer.com/"},{"name":"Tian You","email":"axqd001@gmail.com","url":"http://blog.axqd.net/"},{"name":"George Stagas","email":"gstagas@gmail.com","url":"http://stagas.com/"},{"name":"Tobiasz Cudnik","email":"tobiasz.cudnik@gmail.com","url":"https://github.com/TobiaszCudnik"},{"name":"Pavel Lang","email":"langpavel@phpskelet.org","url":"https://github.com/langpavel"},{"name":"Dan MacTough","url":"http://yabfog.com/"},{"name":"w1nk","url":"https://github.com/w1nk"}],"engines":{"node":"*"},"dependencies":{},"devDependencies":{"underscore":"*","nodeunit":"*"},"optionalDependencies":{},"scripts":{"test":"nodeunit test.js"},"_id":"clone@0.1.6","dist":{"shasum":"4af2296d4a23a64168c2f5fb0a2aa65e80517000","tarball":"https://registry.npmjs.org/clone/-/clone-0.1.6.tgz"},"_from":".","_npmVersion":"1.2.10","_npmUser":{"name":"pvorb","email":"paul@vorb.de"},"maintainers":[{"name":"pvorb","email":"paul@vorb.de"}],"directories":{}},"0.1.7":{"name":"clone","description":"deep cloning of objects and arrays","tags":["clone","object","array","function","date"],"version":"0.1.7","repository":{"type":"git","url":"git://github.com/pvorb/node-clone.git"},"bugs":{"url":"https://github.com/pvorb/node-clone/issues"},"main":"clone.js","author":{"name":"Paul Vorbach","email":"paul@vorb.de","url":"http://vorb.de"},"contributors":[{"name":"Blake Miner","email":"miner.blake@gmail.com","url":"http://www.blakeminer.com/"},{"name":"Tian You","email":"axqd001@gmail.com","url":"http://blog.axqd.net/"},{"name":"George Stagas","email":"gstagas@gmail.com","url":"http://stagas.com/"},{"name":"Tobiasz Cudnik","email":"tobiasz.cudnik@gmail.com","url":"https://github.com/TobiaszCudnik"},{"name":"Pavel Lang","email":"langpavel@phpskelet.org","url":"https://github.com/langpavel"},{"name":"Dan MacTough","url":"http://yabfog.com/"},{"name":"w1nk","url":"https://github.com/w1nk"},{"name":"Hugh Kennedy","url":"http://twitter.com/hughskennedy"}],"engines":{"node":"*"},"dependencies":{},"devDependencies":{"underscore":"*","nodeunit":"*"},"optionalDependencies":{},"scripts":{"test":"nodeunit test.js"},"_id":"clone@0.1.7","dist":{"shasum":"a4454228f2fbffa101c0768393b4e580d3ff534b","tarball":"https://registry.npmjs.org/clone/-/clone-0.1.7.tgz"},"_from":".","_npmVersion":"1.2.18","_npmUser":{"name":"pvorb","email":"paul@vorb.de"},"maintainers":[{"name":"pvorb","email":"paul@vorb.de"}],"directories":{}},"0.1.8":{"name":"clone","description":"deep cloning of objects and arrays","tags":["clone","object","array","function","date"],"version":"0.1.8","repository":{"type":"git","url":"git://github.com/pvorb/node-clone.git"},"bugs":{"url":"https://github.com/pvorb/node-clone/issues"},"main":"clone.js","author":{"name":"Paul Vorbach","email":"paul@vorb.de","url":"http://vorb.de"},"contributors":[{"name":"Blake Miner","email":"miner.blake@gmail.com","url":"http://www.blakeminer.com/"},{"name":"Tian You","email":"axqd001@gmail.com","url":"http://blog.axqd.net/"},{"name":"George Stagas","email":"gstagas@gmail.com","url":"http://stagas.com/"},{"name":"Tobiasz Cudnik","email":"tobiasz.cudnik@gmail.com","url":"https://github.com/TobiaszCudnik"},{"name":"Pavel Lang","email":"langpavel@phpskelet.org","url":"https://github.com/langpavel"},{"name":"Dan MacTough","url":"http://yabfog.com/"},{"name":"w1nk","url":"https://github.com/w1nk"},{"name":"Hugh Kennedy","url":"http://twitter.com/hughskennedy"},{"name":"Dustin Diaz","url":"http://dustindiaz.com"}],"engines":{"node":"*"},"dependencies":{},"devDependencies":{"underscore":"*","nodeunit":"*"},"optionalDependencies":{},"scripts":{"test":"nodeunit test.js"},"_id":"clone@0.1.8","dist":{"shasum":"99c81c6950ffc0418930ae84159cda9250ea9500","tarball":"https://registry.npmjs.org/clone/-/clone-0.1.8.tgz"},"_from":".","_npmVersion":"1.2.18","_npmUser":{"name":"pvorb","email":"paul@vorb.de"},"maintainers":[{"name":"pvorb","email":"paul@vorb.de"}],"directories":{}},"0.1.9":{"name":"clone","description":"deep cloning of objects and arrays","tags":["clone","object","array","function","date"],"version":"0.1.9","repository":{"type":"git","url":"git://github.com/pvorb/node-clone.git"},"bugs":{"url":"https://github.com/pvorb/node-clone/issues"},"main":"clone.js","author":{"name":"Paul Vorbach","email":"paul@vorb.de","url":"http://vorb.de"},"contributors":[{"name":"Blake Miner","email":"miner.blake@gmail.com","url":"http://www.blakeminer.com/"},{"name":"Tian You","email":"axqd001@gmail.com","url":"http://blog.axqd.net/"},{"name":"George Stagas","email":"gstagas@gmail.com","url":"http://stagas.com/"},{"name":"Tobiasz Cudnik","email":"tobiasz.cudnik@gmail.com","url":"https://github.com/TobiaszCudnik"},{"name":"Pavel Lang","email":"langpavel@phpskelet.org","url":"https://github.com/langpavel"},{"name":"Dan MacTough","url":"http://yabfog.com/"},{"name":"w1nk","url":"https://github.com/w1nk"},{"name":"Hugh Kennedy","url":"http://twitter.com/hughskennedy"},{"name":"Dustin Diaz","url":"http://dustindiaz.com"}],"engines":{"node":"*"},"dependencies":{},"devDependencies":{"underscore":"*","nodeunit":"*"},"optionalDependencies":{},"scripts":{"test":"nodeunit test.js"},"_id":"clone@0.1.9","dist":{"shasum":"d4d3f10db4338af8792509f5e600ad8a01ff08a0","tarball":"https://registry.npmjs.org/clone/-/clone-0.1.9.tgz"},"_from":".","_npmVersion":"1.2.18","_npmUser":{"name":"pvorb","email":"paul@vorb.de"},"maintainers":[{"name":"pvorb","email":"paul@vorb.de"}],"directories":{}},"0.1.10":{"name":"clone","description":"deep cloning of objects and arrays","tags":["clone","object","array","function","date"],"version":"0.1.10","repository":{"type":"git","url":"git://github.com/pvorb/node-clone.git"},"bugs":{"url":"https://github.com/pvorb/node-clone/issues"},"main":"clone.js","author":{"name":"Paul Vorbach","email":"paul@vorb.de","url":"http://vorb.de"},"contributors":[{"name":"Blake Miner","email":"miner.blake@gmail.com","url":"http://www.blakeminer.com/"},{"name":"Tian You","email":"axqd001@gmail.com","url":"http://blog.axqd.net/"},{"name":"George Stagas","email":"gstagas@gmail.com","url":"http://stagas.com/"},{"name":"Tobiasz Cudnik","email":"tobiasz.cudnik@gmail.com","url":"https://github.com/TobiaszCudnik"},{"name":"Pavel Lang","email":"langpavel@phpskelet.org","url":"https://github.com/langpavel"},{"name":"Dan MacTough","url":"http://yabfog.com/"},{"name":"w1nk","url":"https://github.com/w1nk"},{"name":"Hugh Kennedy","url":"http://twitter.com/hughskennedy"},{"name":"Dustin Diaz","url":"http://dustindiaz.com"},{"name":"Ilya Shaisultanov","url":"https://github.com/diversario"}],"engines":{"node":"*"},"dependencies":{},"devDependencies":{"underscore":"*","nodeunit":"*"},"optionalDependencies":{},"scripts":{"test":"nodeunit test.js"},"_id":"clone@0.1.10","dist":{"shasum":"a837f193e37508b53192891d8f461c1a415b7616","tarball":"https://registry.npmjs.org/clone/-/clone-0.1.10.tgz"},"_from":".","_npmVersion":"1.3.5","_npmUser":{"name":"pvorb","email":"paul@vorb.de"},"maintainers":[{"name":"pvorb","email":"paul@vorb.de"}],"directories":{}},"0.1.11":{"name":"clone","description":"deep cloning of objects and arrays","tags":["clone","object","array","function","date"],"version":"0.1.11","repository":{"type":"git","url":"git://github.com/pvorb/node-clone.git"},"bugs":{"url":"https://github.com/pvorb/node-clone/issues"},"main":"clone.js","author":{"name":"Paul Vorbach","email":"paul@vorb.de","url":"http://vorb.de"},"contributors":[{"name":"Blake Miner","email":"miner.blake@gmail.com","url":"http://www.blakeminer.com/"},{"name":"Tian You","email":"axqd001@gmail.com","url":"http://blog.axqd.net/"},{"name":"George Stagas","email":"gstagas@gmail.com","url":"http://stagas.com/"},{"name":"Tobiasz Cudnik","email":"tobiasz.cudnik@gmail.com","url":"https://github.com/TobiaszCudnik"},{"name":"Pavel Lang","email":"langpavel@phpskelet.org","url":"https://github.com/langpavel"},{"name":"Dan MacTough","url":"http://yabfog.com/"},{"name":"w1nk","url":"https://github.com/w1nk"},{"name":"Hugh Kennedy","url":"http://twitter.com/hughskennedy"},{"name":"Dustin Diaz","url":"http://dustindiaz.com"},{"name":"Ilya Shaisultanov","url":"https://github.com/diversario"}],"engines":{"node":"*"},"dependencies":{},"devDependencies":{"underscore":"*","nodeunit":"*"},"optionalDependencies":{},"scripts":{"test":"nodeunit test.js"},"_id":"clone@0.1.11","dist":{"shasum":"408b7d1773eb0dfbf2ddb156c1c47170c17e3a96","tarball":"https://registry.npmjs.org/clone/-/clone-0.1.11.tgz"},"_from":".","_npmVersion":"1.3.5","_npmUser":{"name":"pvorb","email":"paul@vorb.de"},"maintainers":[{"name":"pvorb","email":"paul@vorb.de"}],"directories":{}},"0.1.12":{"name":"clone","description":"deep cloning of objects and arrays","tags":["clone","object","array","function","date"],"version":"0.1.12","repository":{"type":"git","url":"git://github.com/pvorb/node-clone.git"},"bugs":{"url":"https://github.com/pvorb/node-clone/issues"},"main":"clone.js","author":{"name":"Paul Vorbach","email":"paul@vorba.ch","url":"http://vorba.ch/"},"contributors":[{"name":"Blake Miner","email":"miner.blake@gmail.com","url":"http://www.blakeminer.com/"},{"name":"Tian You","email":"axqd001@gmail.com","url":"http://blog.axqd.net/"},{"name":"George Stagas","email":"gstagas@gmail.com","url":"http://stagas.com/"},{"name":"Tobiasz Cudnik","email":"tobiasz.cudnik@gmail.com","url":"https://github.com/TobiaszCudnik"},{"name":"Pavel Lang","email":"langpavel@phpskelet.org","url":"https://github.com/langpavel"},{"name":"Dan MacTough","url":"http://yabfog.com/"},{"name":"w1nk","url":"https://github.com/w1nk"},{"name":"Hugh Kennedy","url":"http://twitter.com/hughskennedy"},{"name":"Dustin Diaz","url":"http://dustindiaz.com"},{"name":"Ilya Shaisultanov","url":"https://github.com/diversario"},{"name":"Nathan MacInnes","email":"nathan@macinn.es","url":"http://macinn.es/"}],"engines":{"node":"*"},"dependencies":{},"devDependencies":{"underscore":"*","nodeunit":"*"},"optionalDependencies":{},"scripts":{"test":"nodeunit test.js"},"homepage":"https://github.com/pvorb/node-clone","_id":"clone@0.1.12","dist":{"shasum":"ef60febfb538ada54692f35762eb5428eb0b125d","tarball":"https://registry.npmjs.org/clone/-/clone-0.1.12.tgz"},"_from":".","_npmVersion":"1.4.3","_npmUser":{"name":"pvorb","email":"paul@vorba.ch"},"maintainers":[{"name":"pvorb","email":"paul@vorb.de"}],"directories":{}},"0.1.13":{"name":"clone","description":"deep cloning of objects and arrays","tags":["clone","object","array","function","date"],"version":"0.1.13","repository":{"type":"git","url":"git://github.com/pvorb/node-clone.git"},"bugs":{"url":"https://github.com/pvorb/node-clone/issues"},"main":"clone.js","author":{"name":"Paul Vorbach","email":"paul@vorba.ch","url":"http://vorba.ch/"},"contributors":[{"name":"Blake Miner","email":"miner.blake@gmail.com","url":"http://www.blakeminer.com/"},{"name":"Tian You","email":"axqd001@gmail.com","url":"http://blog.axqd.net/"},{"name":"George Stagas","email":"gstagas@gmail.com","url":"http://stagas.com/"},{"name":"Tobiasz Cudnik","email":"tobiasz.cudnik@gmail.com","url":"https://github.com/TobiaszCudnik"},{"name":"Pavel Lang","email":"langpavel@phpskelet.org","url":"https://github.com/langpavel"},{"name":"Dan MacTough","url":"http://yabfog.com/"},{"name":"w1nk","url":"https://github.com/w1nk"},{"name":"Hugh Kennedy","url":"http://twitter.com/hughskennedy"},{"name":"Dustin Diaz","url":"http://dustindiaz.com"},{"name":"Ilya Shaisultanov","url":"https://github.com/diversario"},{"name":"Nathan MacInnes","email":"nathan@macinn.es","url":"http://macinn.es/"}],"engines":{"node":"*"},"dependencies":{},"devDependencies":{"underscore":"*","nodeunit":"*"},"optionalDependencies":{},"scripts":{"test":"nodeunit test.js"},"homepage":"https://github.com/pvorb/node-clone","_id":"clone@0.1.13","dist":{"shasum":"166b167c2b2f5ea67248c5f0f18c6db11ee64458","tarball":"https://registry.npmjs.org/clone/-/clone-0.1.13.tgz"},"_from":".","_npmVersion":"1.4.3","_npmUser":{"name":"pvorb","email":"paul@vorba.ch"},"maintainers":[{"name":"pvorb","email":"paul@vorb.de"}],"directories":{}},"0.1.14":{"name":"clone","description":"deep cloning of objects and arrays","tags":["clone","object","array","function","date"],"version":"0.1.14","repository":{"type":"git","url":"git://github.com/pvorb/node-clone.git"},"bugs":{"url":"https://github.com/pvorb/node-clone/issues"},"main":"clone.js","author":{"name":"Paul Vorbach","email":"paul@vorba.ch","url":"http://vorba.ch/"},"contributors":[{"name":"Blake Miner","email":"miner.blake@gmail.com","url":"http://www.blakeminer.com/"},{"name":"Tian You","email":"axqd001@gmail.com","url":"http://blog.axqd.net/"},{"name":"George Stagas","email":"gstagas@gmail.com","url":"http://stagas.com/"},{"name":"Tobiasz Cudnik","email":"tobiasz.cudnik@gmail.com","url":"https://github.com/TobiaszCudnik"},{"name":"Pavel Lang","email":"langpavel@phpskelet.org","url":"https://github.com/langpavel"},{"name":"Dan MacTough","url":"http://yabfog.com/"},{"name":"w1nk","url":"https://github.com/w1nk"},{"name":"Hugh Kennedy","url":"http://twitter.com/hughskennedy"},{"name":"Dustin Diaz","url":"http://dustindiaz.com"},{"name":"Ilya Shaisultanov","url":"https://github.com/diversario"},{"name":"Nathan MacInnes","email":"nathan@macinn.es","url":"http://macinn.es/"}],"engines":{"node":"*"},"dependencies":{},"devDependencies":{"underscore":"*","nodeunit":"*"},"optionalDependencies":{},"scripts":{"test":"nodeunit test.js"},"homepage":"https://github.com/pvorb/node-clone","_id":"clone@0.1.14","dist":{"shasum":"500f654a9d20834243cc7d47badbb00db64d1875","tarball":"https://registry.npmjs.org/clone/-/clone-0.1.14.tgz"},"_from":".","_npmVersion":"1.4.3","_npmUser":{"name":"pvorb","email":"paul@vorba.ch"},"maintainers":[{"name":"pvorb","email":"paul@vorb.de"}],"directories":{}},"0.1.15":{"name":"clone","description":"deep cloning of objects and arrays","tags":["clone","object","array","function","date"],"version":"0.1.15","repository":{"type":"git","url":"git://github.com/pvorb/node-clone.git"},"bugs":{"url":"https://github.com/pvorb/node-clone/issues"},"main":"clone.js","author":{"name":"Paul Vorbach","email":"paul@vorba.ch","url":"http://vorba.ch/"},"contributors":[{"name":"Blake Miner","email":"miner.blake@gmail.com","url":"http://www.blakeminer.com/"},{"name":"Tian You","email":"axqd001@gmail.com","url":"http://blog.axqd.net/"},{"name":"George Stagas","email":"gstagas@gmail.com","url":"http://stagas.com/"},{"name":"Tobiasz Cudnik","email":"tobiasz.cudnik@gmail.com","url":"https://github.com/TobiaszCudnik"},{"name":"Pavel Lang","email":"langpavel@phpskelet.org","url":"https://github.com/langpavel"},{"name":"Dan MacTough","url":"http://yabfog.com/"},{"name":"w1nk","url":"https://github.com/w1nk"},{"name":"Hugh Kennedy","url":"http://twitter.com/hughskennedy"},{"name":"Dustin Diaz","url":"http://dustindiaz.com"},{"name":"Ilya Shaisultanov","url":"https://github.com/diversario"},{"name":"Nathan MacInnes","email":"nathan@macinn.es","url":"http://macinn.es/"}],"engines":{"node":"*"},"dependencies":{},"devDependencies":{"underscore":"*","nodeunit":"*"},"optionalDependencies":{},"scripts":{"test":"nodeunit test.js"},"homepage":"https://github.com/pvorb/node-clone","_id":"clone@0.1.15","dist":{"shasum":"98f8edd892ffb28530994bd282ea7dd954fb4fe4","tarball":"https://registry.npmjs.org/clone/-/clone-0.1.15.tgz"},"_from":".","_npmVersion":"1.4.3","_npmUser":{"name":"pvorb","email":"paul@vorba.ch"},"maintainers":[{"name":"pvorb","email":"paul@vorb.de"}],"directories":{}},"0.1.16":{"name":"clone","description":"deep cloning of objects and arrays","tags":["clone","object","array","function","date"],"version":"0.1.16","repository":{"type":"git","url":"git://github.com/pvorb/node-clone.git"},"bugs":{"url":"https://github.com/pvorb/node-clone/issues"},"main":"clone.js","author":{"name":"Paul Vorbach","email":"paul@vorba.ch","url":"http://vorba.ch/"},"contributors":[{"name":"Blake Miner","email":"miner.blake@gmail.com","url":"http://www.blakeminer.com/"},{"name":"Tian You","email":"axqd001@gmail.com","url":"http://blog.axqd.net/"},{"name":"George Stagas","email":"gstagas@gmail.com","url":"http://stagas.com/"},{"name":"Tobiasz Cudnik","email":"tobiasz.cudnik@gmail.com","url":"https://github.com/TobiaszCudnik"},{"name":"Pavel Lang","email":"langpavel@phpskelet.org","url":"https://github.com/langpavel"},{"name":"Dan MacTough","url":"http://yabfog.com/"},{"name":"w1nk","url":"https://github.com/w1nk"},{"name":"Hugh Kennedy","url":"http://twitter.com/hughskennedy"},{"name":"Dustin Diaz","url":"http://dustindiaz.com"},{"name":"Ilya Shaisultanov","url":"https://github.com/diversario"},{"name":"Nathan MacInnes","email":"nathan@macinn.es","url":"http://macinn.es/"},{"name":"Benjamin E. Coe","email":"ben@npmjs.com","url":"https://twitter.com/benjamincoe"}],"engines":{"node":"*"},"dependencies":{},"devDependencies":{"underscore":"*","nodeunit":"*"},"optionalDependencies":{},"scripts":{"test":"nodeunit test.js"},"homepage":"https://github.com/pvorb/node-clone","_id":"clone@0.1.16","dist":{"shasum":"4b84d8688f4d4d8f8ad1fac9505f0a99dc839160","tarball":"https://registry.npmjs.org/clone/-/clone-0.1.16.tgz"},"_from":".","_npmVersion":"1.4.3","_npmUser":{"name":"pvorb","email":"paul@vorba.ch"},"maintainers":[{"name":"pvorb","email":"paul@vorb.de"}],"directories":{}},"0.1.17":{"name":"clone","description":"deep cloning of objects and arrays","tags":["clone","object","array","function","date"],"version":"0.1.17","repository":{"type":"git","url":"git://github.com/pvorb/node-clone.git"},"bugs":{"url":"https://github.com/pvorb/node-clone/issues"},"main":"clone.js","author":{"name":"Paul Vorbach","email":"paul@vorba.ch","url":"http://vorba.ch/"},"contributors":[{"name":"Blake Miner","email":"miner.blake@gmail.com","url":"http://www.blakeminer.com/"},{"name":"Tian You","email":"axqd001@gmail.com","url":"http://blog.axqd.net/"},{"name":"George Stagas","email":"gstagas@gmail.com","url":"http://stagas.com/"},{"name":"Tobiasz Cudnik","email":"tobiasz.cudnik@gmail.com","url":"https://github.com/TobiaszCudnik"},{"name":"Pavel Lang","email":"langpavel@phpskelet.org","url":"https://github.com/langpavel"},{"name":"Dan MacTough","url":"http://yabfog.com/"},{"name":"w1nk","url":"https://github.com/w1nk"},{"name":"Hugh Kennedy","url":"http://twitter.com/hughskennedy"},{"name":"Dustin Diaz","url":"http://dustindiaz.com"},{"name":"Ilya Shaisultanov","url":"https://github.com/diversario"},{"name":"Nathan MacInnes","email":"nathan@macinn.es","url":"http://macinn.es/"},{"name":"Benjamin E. Coe","email":"ben@npmjs.com","url":"https://twitter.com/benjamincoe"},{"name":"Nathan Zadoks","url":"https://github.com/nathan7"}],"engines":{"node":"*"},"dependencies":{},"devDependencies":{"underscore":"*","nodeunit":"*"},"optionalDependencies":{},"scripts":{"test":"nodeunit test.js"},"homepage":"https://github.com/pvorb/node-clone","_id":"clone@0.1.17","dist":{"shasum":"14410993a603bfdbc42b465a585d3727b6536ac7","tarball":"https://registry.npmjs.org/clone/-/clone-0.1.17.tgz"},"_from":".","_npmVersion":"1.4.3","_npmUser":{"name":"pvorb","email":"paul@vorba.ch"},"maintainers":[{"name":"pvorb","email":"paul@vorb.de"}],"directories":{}},"0.1.18":{"name":"clone","description":"deep cloning of objects and arrays","tags":["clone","object","array","function","date"],"version":"0.1.18","repository":{"type":"git","url":"git://github.com/pvorb/node-clone.git"},"bugs":{"url":"https://github.com/pvorb/node-clone/issues"},"main":"clone.js","author":{"name":"Paul Vorbach","email":"paul@vorba.ch","url":"http://paul.vorba.ch/"},"contributors":[{"name":"Blake Miner","email":"miner.blake@gmail.com","url":"http://www.blakeminer.com/"},{"name":"Tian You","email":"axqd001@gmail.com","url":"http://blog.axqd.net/"},{"name":"George Stagas","email":"gstagas@gmail.com","url":"http://stagas.com/"},{"name":"Tobiasz Cudnik","email":"tobiasz.cudnik@gmail.com","url":"https://github.com/TobiaszCudnik"},{"name":"Pavel Lang","email":"langpavel@phpskelet.org","url":"https://github.com/langpavel"},{"name":"Dan MacTough","url":"http://yabfog.com/"},{"name":"w1nk","url":"https://github.com/w1nk"},{"name":"Hugh Kennedy","url":"http://twitter.com/hughskennedy"},{"name":"Dustin Diaz","url":"http://dustindiaz.com"},{"name":"Ilya Shaisultanov","url":"https://github.com/diversario"},{"name":"Nathan MacInnes","email":"nathan@macinn.es","url":"http://macinn.es/"},{"name":"Benjamin E. Coe","email":"ben@npmjs.com","url":"https://twitter.com/benjamincoe"},{"name":"Nathan Zadoks","url":"https://github.com/nathan7"}],"license":"MIT","engines":{"node":"*"},"dependencies":{},"devDependencies":{"underscore":"*","nodeunit":"*"},"optionalDependencies":{},"scripts":{"test":"nodeunit test.js"},"gitHead":"17eea36140d61d97a9954c53417d0e04a00525d9","homepage":"https://github.com/pvorb/node-clone","_id":"clone@0.1.18","_shasum":"64a0d5d57eaa85a1a8af380cd1db8c7b3a895f66","_from":".","_npmVersion":"1.4.14","_npmUser":{"name":"pvorb","email":"paul@vorba.ch"},"maintainers":[{"name":"pvorb","email":"paul@vorb.de"}],"dist":{"shasum":"64a0d5d57eaa85a1a8af380cd1db8c7b3a895f66","tarball":"https://registry.npmjs.org/clone/-/clone-0.1.18.tgz"},"directories":{}},"0.2.0":{"name":"clone","description":"deep cloning of objects and arrays","tags":["clone","object","array","function","date"],"version":"0.2.0","repository":{"type":"git","url":"git://github.com/pvorb/node-clone.git"},"bugs":{"url":"https://github.com/pvorb/node-clone/issues"},"main":"clone.js","author":{"name":"Paul Vorbach","email":"paul@vorba.ch","url":"http://paul.vorba.ch/"},"contributors":[{"name":"Blake Miner","email":"miner.blake@gmail.com","url":"http://www.blakeminer.com/"},{"name":"Tian You","email":"axqd001@gmail.com","url":"http://blog.axqd.net/"},{"name":"George Stagas","email":"gstagas@gmail.com","url":"http://stagas.com/"},{"name":"Tobiasz Cudnik","email":"tobiasz.cudnik@gmail.com","url":"https://github.com/TobiaszCudnik"},{"name":"Pavel Lang","email":"langpavel@phpskelet.org","url":"https://github.com/langpavel"},{"name":"Dan MacTough","url":"http://yabfog.com/"},{"name":"w1nk","url":"https://github.com/w1nk"},{"name":"Hugh Kennedy","url":"http://twitter.com/hughskennedy"},{"name":"Dustin Diaz","url":"http://dustindiaz.com"},{"name":"Ilya Shaisultanov","url":"https://github.com/diversario"},{"name":"Nathan MacInnes","email":"nathan@macinn.es","url":"http://macinn.es/"},{"name":"Benjamin E. Coe","email":"ben@npmjs.com","url":"https://twitter.com/benjamincoe"},{"name":"Nathan Zadoks","url":"https://github.com/nathan7"},{"name":"Róbert Oroszi","email":"robert+gh@oroszi.net","url":"https://github.com/oroce"}],"license":"MIT","engines":{"node":"*"},"dependencies":{},"devDependencies":{"underscore":"*","nodeunit":"*"},"optionalDependencies":{},"scripts":{"test":"nodeunit test.js"},"gitHead":"bb11a43363a0f69e8ac014cb5376ce215ea1f8fd","homepage":"https://github.com/pvorb/node-clone","_id":"clone@0.2.0","_shasum":"c6126a90ad4f72dbf5acdb243cc37724fe93fc1f","_from":".","_npmVersion":"1.4.14","_npmUser":{"name":"pvorb","email":"paul@vorba.ch"},"maintainers":[{"name":"pvorb","email":"paul@vorb.de"}],"dist":{"shasum":"c6126a90ad4f72dbf5acdb243cc37724fe93fc1f","tarball":"https://registry.npmjs.org/clone/-/clone-0.2.0.tgz"},"directories":{}},"0.1.19":{"name":"clone","description":"deep cloning of objects and arrays","tags":["clone","object","array","function","date"],"version":"0.1.19","repository":{"type":"git","url":"git://github.com/pvorb/node-clone.git"},"bugs":{"url":"https://github.com/pvorb/node-clone/issues"},"main":"clone.js","author":{"name":"Paul Vorbach","email":"paul@vorba.ch","url":"http://paul.vorba.ch/"},"contributors":[{"name":"Blake Miner","email":"miner.blake@gmail.com","url":"http://www.blakeminer.com/"},{"name":"Tian You","email":"axqd001@gmail.com","url":"http://blog.axqd.net/"},{"name":"George Stagas","email":"gstagas@gmail.com","url":"http://stagas.com/"},{"name":"Tobiasz Cudnik","email":"tobiasz.cudnik@gmail.com","url":"https://github.com/TobiaszCudnik"},{"name":"Pavel Lang","email":"langpavel@phpskelet.org","url":"https://github.com/langpavel"},{"name":"Dan MacTough","url":"http://yabfog.com/"},{"name":"w1nk","url":"https://github.com/w1nk"},{"name":"Hugh Kennedy","url":"http://twitter.com/hughskennedy"},{"name":"Dustin Diaz","url":"http://dustindiaz.com"},{"name":"Ilya Shaisultanov","url":"https://github.com/diversario"},{"name":"Nathan MacInnes","email":"nathan@macinn.es","url":"http://macinn.es/"},{"name":"Benjamin E. Coe","email":"ben@npmjs.com","url":"https://twitter.com/benjamincoe"},{"name":"Nathan Zadoks","url":"https://github.com/nathan7"},{"name":"Róbert Oroszi","email":"robert+gh@oroszi.net","url":"https://github.com/oroce"}],"license":"MIT","engines":{"node":"*"},"dependencies":{},"devDependencies":{"underscore":"*","nodeunit":"*"},"optionalDependencies":{},"scripts":{"test":"nodeunit test.js"},"gitHead":"bb11a43363a0f69e8ac014cb5376ce215ea1f8fd","homepage":"https://github.com/pvorb/node-clone","_id":"clone@0.1.19","_shasum":"613fb68639b26a494ac53253e15b1a6bd88ada85","_from":".","_npmVersion":"1.4.14","_npmUser":{"name":"pvorb","email":"paul@vorba.ch"},"maintainers":[{"name":"pvorb","email":"paul@vorb.de"}],"dist":{"shasum":"613fb68639b26a494ac53253e15b1a6bd88ada85","tarball":"https://registry.npmjs.org/clone/-/clone-0.1.19.tgz"},"directories":{}},"1.0.0":{"name":"clone","description":"deep cloning of objects and arrays","tags":["clone","object","array","function","date"],"version":"1.0.0","repository":{"type":"git","url":"git://github.com/pvorb/node-clone.git"},"bugs":{"url":"https://github.com/pvorb/node-clone/issues"},"main":"clone.js","author":{"name":"Paul Vorbach","email":"paul@vorba.ch","url":"http://paul.vorba.ch/"},"contributors":[{"name":"Blake Miner","email":"miner.blake@gmail.com","url":"http://www.blakeminer.com/"},{"name":"Tian You","email":"axqd001@gmail.com","url":"http://blog.axqd.net/"},{"name":"George Stagas","email":"gstagas@gmail.com","url":"http://stagas.com/"},{"name":"Tobiasz Cudnik","email":"tobiasz.cudnik@gmail.com","url":"https://github.com/TobiaszCudnik"},{"name":"Pavel Lang","email":"langpavel@phpskelet.org","url":"https://github.com/langpavel"},{"name":"Dan MacTough","url":"http://yabfog.com/"},{"name":"w1nk","url":"https://github.com/w1nk"},{"name":"Hugh Kennedy","url":"http://twitter.com/hughskennedy"},{"name":"Dustin Diaz","url":"http://dustindiaz.com"},{"name":"Ilya Shaisultanov","url":"https://github.com/diversario"},{"name":"Nathan MacInnes","email":"nathan@macinn.es","url":"http://macinn.es/"},{"name":"Benjamin E. Coe","email":"ben@npmjs.com","url":"https://twitter.com/benjamincoe"},{"name":"Nathan Zadoks","url":"https://github.com/nathan7"},{"name":"Róbert Oroszi","email":"robert+gh@oroszi.net","url":"https://github.com/oroce"},{"name":"Aurélio A. Heckert","url":"http://softwarelivre.org/aurium"},{"name":"Guy Ellis","url":"http://www.guyellisrocks.com/"}],"license":"MIT","engines":{"node":"*"},"dependencies":{},"devDependencies":{"underscore":"*","nodeunit":"^0.9"},"optionalDependencies":{},"scripts":{"test":"nodeunit test.js"},"gitHead":"abcb3403f572cd0694dae0e060bd272e265852b3","homepage":"https://github.com/pvorb/node-clone","_id":"clone@1.0.0","_shasum":"bde24f2ee7c478a409fc8a118ae2fcd44deb7f9e","_from":".","_npmVersion":"1.4.14","_npmUser":{"name":"pvorb","email":"paul@vorba.ch"},"maintainers":[{"name":"pvorb","email":"paul@vorb.de"}],"dist":{"shasum":"bde24f2ee7c478a409fc8a118ae2fcd44deb7f9e","tarball":"https://registry.npmjs.org/clone/-/clone-1.0.0.tgz"},"directories":{}},"1.0.1":{"name":"clone","description":"deep cloning of objects and arrays","tags":["clone","object","array","function","date"],"version":"1.0.1","repository":{"type":"git","url":"git://github.com/pvorb/node-clone.git"},"bugs":{"url":"https://github.com/pvorb/node-clone/issues"},"main":"clone.js","author":{"name":"Paul Vorbach","email":"paul@vorba.ch","url":"http://paul.vorba.ch/"},"contributors":[{"name":"Blake Miner","email":"miner.blake@gmail.com","url":"http://www.blakeminer.com/"},{"name":"Tian You","email":"axqd001@gmail.com","url":"http://blog.axqd.net/"},{"name":"George Stagas","email":"gstagas@gmail.com","url":"http://stagas.com/"},{"name":"Tobiasz Cudnik","email":"tobiasz.cudnik@gmail.com","url":"https://github.com/TobiaszCudnik"},{"name":"Pavel Lang","email":"langpavel@phpskelet.org","url":"https://github.com/langpavel"},{"name":"Dan MacTough","url":"http://yabfog.com/"},{"name":"w1nk","url":"https://github.com/w1nk"},{"name":"Hugh Kennedy","url":"http://twitter.com/hughskennedy"},{"name":"Dustin Diaz","url":"http://dustindiaz.com"},{"name":"Ilya Shaisultanov","url":"https://github.com/diversario"},{"name":"Nathan MacInnes","email":"nathan@macinn.es","url":"http://macinn.es/"},{"name":"Benjamin E. Coe","email":"ben@npmjs.com","url":"https://twitter.com/benjamincoe"},{"name":"Nathan Zadoks","url":"https://github.com/nathan7"},{"name":"Róbert Oroszi","email":"robert+gh@oroszi.net","url":"https://github.com/oroce"},{"name":"Aurélio A. Heckert","url":"http://softwarelivre.org/aurium"},{"name":"Guy Ellis","url":"http://www.guyellisrocks.com/"}],"license":"MIT","engines":{"node":"*"},"dependencies":{},"devDependencies":{"underscore":"*","nodeunit":"~0.9.0"},"optionalDependencies":{},"scripts":{"test":"nodeunit test.js"},"gitHead":"64d496dead59b95d7065e0ff490d2e5acd0685f4","homepage":"https://github.com/pvorb/node-clone","_id":"clone@1.0.1","_shasum":"0b08a631bc6a4a41b89ce2a3d43f8a84d66b4d4b","_from":".","_npmVersion":"1.4.14","_npmUser":{"name":"pvorb","email":"paul@vorba.ch"},"maintainers":[{"name":"pvorb","email":"paul@vorb.de"}],"dist":{"shasum":"0b08a631bc6a4a41b89ce2a3d43f8a84d66b4d4b","tarball":"https://registry.npmjs.org/clone/-/clone-1.0.1.tgz"},"directories":{}},"1.0.2":{"name":"clone","description":"deep cloning of objects and arrays","tags":["clone","object","array","function","date"],"version":"1.0.2","repository":{"type":"git","url":"git://github.com/pvorb/node-clone.git"},"bugs":{"url":"https://github.com/pvorb/node-clone/issues"},"main":"clone.js","author":{"name":"Paul Vorbach","email":"paul@vorba.ch","url":"http://paul.vorba.ch/"},"contributors":[{"name":"Blake Miner","email":"miner.blake@gmail.com","url":"http://www.blakeminer.com/"},{"name":"Tian You","email":"axqd001@gmail.com","url":"http://blog.axqd.net/"},{"name":"George Stagas","email":"gstagas@gmail.com","url":"http://stagas.com/"},{"name":"Tobiasz Cudnik","email":"tobiasz.cudnik@gmail.com","url":"https://github.com/TobiaszCudnik"},{"name":"Pavel Lang","email":"langpavel@phpskelet.org","url":"https://github.com/langpavel"},{"name":"Dan MacTough","url":"http://yabfog.com/"},{"name":"w1nk","url":"https://github.com/w1nk"},{"name":"Hugh Kennedy","url":"http://twitter.com/hughskennedy"},{"name":"Dustin Diaz","url":"http://dustindiaz.com"},{"name":"Ilya Shaisultanov","url":"https://github.com/diversario"},{"name":"Nathan MacInnes","email":"nathan@macinn.es","url":"http://macinn.es/"},{"name":"Benjamin E. Coe","email":"ben@npmjs.com","url":"https://twitter.com/benjamincoe"},{"name":"Nathan Zadoks","url":"https://github.com/nathan7"},{"name":"Róbert Oroszi","email":"robert+gh@oroszi.net","url":"https://github.com/oroce"},{"name":"Aurélio A. Heckert","url":"http://softwarelivre.org/aurium"},{"name":"Guy Ellis","url":"http://www.guyellisrocks.com/"}],"license":"MIT","engines":{"node":">=0.8"},"dependencies":{},"devDependencies":{"nodeunit":"~0.9.0"},"optionalDependencies":{},"scripts":{"test":"nodeunit test.js"},"gitHead":"0e8216efc672496b612fd7ab62159117d16ec4a0","homepage":"https://github.com/pvorb/node-clone","_id":"clone@1.0.2","_shasum":"260b7a99ebb1edfe247538175f783243cb19d149","_from":".","_npmVersion":"1.4.14","_npmUser":{"name":"pvorb","email":"paul@vorba.ch"},"maintainers":[{"name":"pvorb","email":"paul@vorb.de"}],"dist":{"shasum":"260b7a99ebb1edfe247538175f783243cb19d149","tarball":"https://registry.npmjs.org/clone/-/clone-1.0.2.tgz"},"directories":{}},"2.0.0":{"name":"clone","description":"deep cloning of objects and arrays","tags":["clone","object","array","function","date"],"version":"2.0.0","repository":{"type":"git","url":"git://github.com/pvorb/node-clone.git"},"bugs":{"url":"https://github.com/pvorb/node-clone/issues"},"main":"clone.js","author":{"name":"Paul Vorbach","email":"paul@vorba.ch","url":"http://paul.vorba.ch/"},"contributors":[{"name":"Blake Miner","email":"miner.blake@gmail.com","url":"http://www.blakeminer.com/"},{"name":"Tian You","email":"axqd001@gmail.com","url":"http://blog.axqd.net/"},{"name":"George Stagas","email":"gstagas@gmail.com","url":"http://stagas.com/"},{"name":"Tobiasz Cudnik","email":"tobiasz.cudnik@gmail.com","url":"https://github.com/TobiaszCudnik"},{"name":"Pavel Lang","email":"langpavel@phpskelet.org","url":"https://github.com/langpavel"},{"name":"Dan MacTough","url":"http://yabfog.com/"},{"name":"w1nk","url":"https://github.com/w1nk"},{"name":"Hugh Kennedy","url":"http://twitter.com/hughskennedy"},{"name":"Dustin Diaz","url":"http://dustindiaz.com"},{"name":"Ilya Shaisultanov","url":"https://github.com/diversario"},{"name":"Nathan MacInnes","email":"nathan@macinn.es","url":"http://macinn.es/"},{"name":"Benjamin E. Coe","email":"ben@npmjs.com","url":"https://twitter.com/benjamincoe"},{"name":"Nathan Zadoks","url":"https://github.com/nathan7"},{"name":"Róbert Oroszi","email":"robert+gh@oroszi.net","url":"https://github.com/oroce"},{"name":"Aurélio A. Heckert","url":"http://softwarelivre.org/aurium"},{"name":"Guy Ellis","url":"http://www.guyellisrocks.com/"},{"name":"fscherwi","url":"https://fscherwi.github.io"},{"name":"rictic","url":"https://github.com/rictic"}],"license":"MIT","engines":{"node":">=0.8"},"dependencies":{},"devDependencies":{"nodeunit":"~0.9.0"},"optionalDependencies":{},"scripts":{"test":"nodeunit test.js"},"gitHead":"7cd7fa86ec64aa44a7cf365dd86a37e0ec7f4357","homepage":"https://github.com/pvorb/node-clone#readme","_id":"clone@2.0.0","_shasum":"df65d3ca142e4a4a47db33da3468d088a16fc76e","_from":".","_npmVersion":"3.9.3","_nodeVersion":"4.4.5","_npmUser":{"name":"pvorb","email":"paul@vorba.ch"},"dist":{"shasum":"df65d3ca142e4a4a47db33da3468d088a16fc76e","tarball":"https://registry.npmjs.org/clone/-/clone-2.0.0.tgz"},"maintainers":[{"name":"pvorb","email":"paul@vorb.de"}],"_npmOperationalInternal":{"host":"packages-12-west.internal.npmjs.com","tmp":"tmp/clone-2.0.0.tgz_1475090764656_0.33342681522481143"},"directories":{}}},"maintainers":[{"name":"pvorb","email":"paul@vorb.de"}],"time":{"modified":"2016-11-07T18:31:13.902Z","created":"2011-09-03T01:49:48.705Z","0.0.0":"2011-09-03T01:49:51.634Z","0.0.1":"2011-09-03T02:19:26.641Z","0.0.2":"2011-09-18T00:16:03.912Z","0.0.3":"2011-10-06T18:21:26.501Z","0.0.4":"2011-12-06T08:27:23.442Z","0.0.5":"2012-02-24T09:28:45.516Z","0.0.6":"2012-02-28T23:15:38.622Z","0.0.7":"2012-04-19T19:17:02.042Z","0.1.0":"2012-08-07T23:56:46.654Z","0.1.1":"2012-09-04T01:13:40.762Z","0.1.2":"2012-11-25T12:28:16.944Z","0.1.3":"2012-11-26T19:52:26.823Z","0.1.4":"2012-11-27T10:55:27.438Z","0.1.5":"2013-02-06T00:07:28.283Z","0.1.6":"2013-03-02T17:03:13.037Z","0.1.7":"2013-05-12T18:29:09.500Z","0.1.8":"2013-05-22T21:40:03.489Z","0.1.9":"2013-05-23T22:41:52.114Z","0.1.10":"2013-08-16T12:32:59.489Z","0.1.11":"2013-10-16T15:38:22.790Z","0.1.12":"2014-04-29T08:53:28.732Z","0.1.13":"2014-04-29T12:00:12.081Z","0.1.14":"2014-04-29T18:29:06.074Z","0.1.15":"2014-04-29T23:28:14.776Z","0.1.16":"2014-06-02T13:43:44.445Z","0.1.17":"2014-06-29T10:50:11.641Z","0.1.18":"2014-08-17T21:02:44.044Z","0.2.0":"2014-11-26T22:53:39.267Z","0.1.19":"2014-12-03T10:08:55.694Z","1.0.0":"2015-02-10T11:39:07.509Z","1.0.1":"2015-03-04T20:03:55.461Z","1.0.2":"2015-03-25T23:37:30.099Z","2.0.0":"2016-09-28T19:26:06.512Z"},"author":{"name":"Paul Vorbach","email":"paul@vorba.ch","url":"http://paul.vorba.ch/"},"repository":{"type":"git","url":"git://github.com/pvorb/node-clone.git"},"users":{"substack":true,"pid":true,"bjoerge":true,"john.pinch":true,"kubakubula":true,"jakwings":true,"mstapp":true,"nikunjchapadia":true,"korynunn":true,"andrezsanchez":true,"zeusdeux":true,"iamveen":true,"amirmehmood":true,"aurium":true,"subchen":true,"klipsil":true,"shriek":true,"mrwoo":true,"kswedberg":true,"j3kz":true,"joris-van-der-wel":true,"arkanciscan":true,"matteo.collina":true,"clholzin":true,"narven":true,"acollins-ts":true,"pandao":true,"nalindak":true,"qlqllu":true,"bojand":true,"yuxin":true,"lestad":true,"roman-io":true,"anpdx":true,"fly19890211":true,"scull7":true,"illuminator":true,"dburdese":true,"shanebo":true,"adius":true,"morganz":true},"readme":"# clone\n\n[![build status](https://secure.travis-ci.org/pvorb/node-clone.svg)](http://travis-ci.org/pvorb/node-clone)\n\n[![info badge](https://nodei.co/npm/clone.svg?downloads=true&downloadRank=true&stars=true)](http://npm-stat.com/charts.html?package=clone)\n\noffers foolproof _deep cloning_ of objects, arrays, numbers, strings etc. in JavaScript.\n\n\n## Installation\n\n    npm install clone\n\n(It also works with browserify, ender or standalone. You may want to use the\noption `noParse` in browserify to reduce the resulting file size, since usually\n`Buffer`s are not needed in browsers.)\n\n\n## Example\n\n~~~ javascript\nvar clone = require('clone');\n\nvar a, b;\n\na = { foo: { bar: 'baz' } };  // initial value of a\n\nb = clone(a);                 // clone a -> b\na.foo.bar = 'foo';            // change a\n\nconsole.log(a);               // show a\nconsole.log(b);               // show b\n~~~\n\nThis will print:\n\n~~~ javascript\n{ foo: { bar: 'foo' } }\n{ foo: { bar: 'baz' } }\n~~~\n\n**clone** masters cloning simple objects (even with custom prototype), arrays,\nDate objects, and RegExp objects. Everything is cloned recursively, so that you\ncan clone dates in arrays in objects, for example.\n\n\n## API\n\n`clone(val, circular, depth)`\n\n  * `val` -- the value that you want to clone, any type allowed\n  * `circular` -- boolean\n\n    Call `clone` with `circular` set to `false` if you are certain that `obj`\n    contains no circular references. This will give better performance if needed.\n    There is no error if `undefined` or `null` is passed as `obj`.\n  * `depth` -- depth to which the object is to be cloned (optional,\n    defaults to infinity)\n\n`clone.clonePrototype(obj)`\n\n  * `obj` -- the object that you want to clone\n\nDoes a prototype clone as\n[described by Oran Looney](http://oranlooney.com/functional-javascript/).\n\n\n## Circular References\n\n~~~ javascript\nvar a, b;\n\na = { hello: 'world' };\n\na.myself = a;\nb = clone(a);\n\nconsole.log(b);\n~~~\n\nThis will print:\n\n~~~ javascript\n{ hello: \"world\", myself: [Circular] }\n~~~\n\nSo, `b.myself` points to `b`, not `a`. Neat!\n\n\n## Test\n\n    npm test\n\n\n## Caveat\n\nSome special objects like a socket or `process.stdout`/`stderr` are known to not\nbe cloneable. If you find other objects that cannot be cloned, please [open an\nissue](https://github.com/pvorb/node-clone/issues/new).\n\n\n## Bugs and Issues\n\nIf you encounter any bugs or issues, feel free to [open an issue at\ngithub](https://github.com/pvorb/node-clone/issues) or send me an email to\n<paul@vorba.ch>. I also always like to hear from you, if you’re using my code.\n\n## License\n\nCopyright © 2011-2015 [Paul Vorbach](http://paul.vorba.ch/) and\n[contributors](https://github.com/pvorb/node-clone/graphs/contributors).\n\nPermission is hereby granted, free of charge, to any person obtaining a copy of\nthis software and associated documentation files (the “Software”), to deal in\nthe Software without restriction, including without limitation the rights to\nuse, copy, modify, merge, publish, distribute, sublicense, and/or sell copies of\nthe Software, and to permit persons to whom the Software is furnished to do so,\nsubject to the following conditions:\n\nThe above copyright notice and this permission notice shall be included in all\ncopies or substantial portions of the Software.\n\nTHE SOFTWARE IS PROVIDED “AS IS”, WITHOUT WARRANTY OF ANY KIND, EXPRESS OR\nIMPLIED, INCLUDING BUT NOT LIMITED TO THE WARRANTIES OF MERCHANTABILITY, FITNESS\nFOR A PARTICULAR PURPOSE AND NONINFRINGEMENT. IN NO EVENT SHALL THE AUTHORS OR\nCOPYRIGHT HOLDERS BE LIABLE FOR ANY CLAIM, DAMAGES OR OTHER LIABILITY, WHETHER\nIN AN ACTION OF CONTRACT, TORT OR OTHERWISE, OUT OF OR IN CONNECTION WITH THE\nSOFTWARE OR THE USE OR OTHER DEALINGS IN THE SOFTWARE.\n","homepage":"https://github.com/pvorb/node-clone#readme","contributors":[{"name":"Blake Miner","email":"miner.blake@gmail.com","url":"http://www.blakeminer.com/"},{"name":"Tian You","email":"axqd001@gmail.com","url":"http://blog.axqd.net/"},{"name":"George Stagas","email":"gstagas@gmail.com","url":"http://stagas.com/"},{"name":"Tobiasz Cudnik","email":"tobiasz.cudnik@gmail.com","url":"https://github.com/TobiaszCudnik"},{"name":"Pavel Lang","email":"langpavel@phpskelet.org","url":"https://github.com/langpavel"},{"name":"Dan MacTough","url":"http://yabfog.com/"},{"name":"w1nk","url":"https://github.com/w1nk"},{"name":"Hugh Kennedy","url":"http://twitter.com/hughskennedy"},{"name":"Dustin Diaz","url":"http://dustindiaz.com"},{"name":"Ilya Shaisultanov","url":"https://github.com/diversario"},{"name":"Nathan MacInnes","email":"nathan@macinn.es","url":"http://macinn.es/"},{"name":"Benjamin E. Coe","email":"ben@npmjs.com","url":"https://twitter.com/benjamincoe"},{"name":"Nathan Zadoks","url":"https://github.com/nathan7"},{"name":"Róbert Oroszi","email":"robert+gh@oroszi.net","url":"https://github.com/oroce"},{"name":"Aurélio A. Heckert","url":"http://softwarelivre.org/aurium"},{"name":"Guy Ellis","url":"http://www.guyellisrocks.com/"},{"name":"fscherwi","url":"https://fscherwi.github.io"},{"name":"rictic","url":"https://github.com/rictic"}],"bugs":{"url":"https://github.com/pvorb/node-clone/issues"},"readmeFilename":"README.md","license":"MIT","_attachments":{},"_etag":"\"1S8JBQZOYUJ8NHPFD90UG22WT\"","_cached":true}