{"_id":"selector-kit","_rev":"2-aaf360f232f4a6513cd48ac7b831f1e8","name":"selector-kit","description":"A barebones toolkit for CSS selector parsing and matching.","dist-tags":{"latest":"0.1.0"},"versions":{"0.1.0":{"name":"selector-kit","version":"0.1.0","description":"A barebones toolkit for CSS selector parsing and matching.","main":"./lib/selector-kit","scripts":{"prepublish":"grunt clean lint coffee","test":"grunt test"},"repository":{"type":"git","url":"https://github.com/atom/selector-kit.git"},"bugs":{"url":"https://github.com/atom/selector-kit/issues"},"licenses":[{"type":"MIT","url":"http://github.com/atom/selector-kit/raw/master/LICENSE.md"}],"dependencies":{"atom-slick":"^2"},"devDependencies":{"coffee-script":"^1.7.0","jasmine-focused":"^1.0.4","grunt-contrib-coffee":"^0.9.0","grunt-cli":"^0.1.8","grunt":"^0.4.1","grunt-shell":"^0.2.2","grunt-coffeelint":"^0.0.6","rimraf":"^2.2.2","coffee-cache":"^0.2.0","temp":"^0.6.0"},"gitHead":"1a06efb7c7fa4bbd9c6db53d4cafc174a3e787e2","homepage":"https://github.com/atom/selector-kit","_id":"selector-kit@0.1.0","_shasum":"304338fceccea35ec28ffaddb792ab7715633e6f","_from":".","_npmVersion":"1.4.23","_npmUser":{"name":"benogle","email":"ogle.ben@gmail.com"},"maintainers":[{"name":"benogle","email":"ogle.ben@gmail.com"}],"dist":{"shasum":"304338fceccea35ec28ffaddb792ab7715633e6f","tarball":"https://registry.npmjs.org/selector-kit/-/selector-kit-0.1.0.tgz"},"directories":{}}},"readme":"# Selector Kit [![Build Status](https://travis-ci.org/atom/selector-kit.svg?branch=master)](https://travis-ci.org/atom/selector-kit)\n\n## Usage\n\n```coffee\n{Selector} = require 'selector-kit'\n\n# Creates one Selector\n[someNodeSelector] = Selector.create('.some-node')\n\n# Creates two selectors, due to the `,`\n[someNodeSelector, anotherNodeSelector] = Selector.create('.some-node, .another-node')\n\nsomeNodeSelector.matches('.parent .some-node') # => true\nsomeNodeSelector.matches('.parent .whatever') # => false\n\nanotherNodeSelector.matches('.parent .another-node') # => true\nanotherNodeSelector.matches('.parent .whatever') # => false\n\n# Other supported methods\nsomeNodeSelector.toString() # => '.some-node'\nsomeNodeSelector.getSpecificity() # => 20\nsomeNodeSelector.compare(anotherNodeSelector) # => 0\nsomeNodeSelector.isEqual(anotherNodeSelector) # false\n```\n\n:boom:\n","maintainers":[{"name":"benogle","email":"ogle.ben@gmail.com"}],"time":{"modified":"2015-01-29T22:24:12.716Z","created":"2015-01-29T22:24:12.716Z","0.1.0":"2015-01-29T22:24:12.716Z"},"homepage":"https://github.com/atom/selector-kit","repository":{"type":"git","url":"https://github.com/atom/selector-kit.git"},"bugs":{"url":"https://github.com/atom/selector-kit/issues"},"readmeFilename":"README.md","_attachments":{},"_etag":"W/\"54cab30c-ad0\"","_lastModified":"Thu, 29 Jan 2015 22:24:12 GMT"}