{"_id":"astw","_rev":"14-b16d4fa845b607310f3eea39653121a4","name":"astw","description":"walk the ast with references to parent nodes","dist-tags":{"latest":"2.0.0"},"versions":{"0.0.0":{"name":"astw","version":"0.0.0","description":"walk the ast with references to parent nodes","main":"index.js","dependencies":{"esprima":"1.0.2"},"devDependencies":{"tape":"~0.2.2","tap":"~0.4.0","escodegen":"~0.0.17"},"scripts":{"test":"tap test/*.js"},"testling":{"files":"test/*.js","browsers":["ie/6..latest","chrome/20..latest","firefox/10..latest","safari/latest","opera/11.0..latest","iphone/6","ipad/6"]},"repository":{"type":"git","url":"git://github.com/substack/astw.git"},"homepage":"https://github.com/substack/astw","keywords":["ast","walk","source","esprima"],"author":{"name":"James Halliday","email":"mail@substack.net","url":"http://substack.net"},"license":"MIT","_id":"astw@0.0.0","dist":{"shasum":"4490866a3ef116aaf91adba63ca7ddf70b6d59bd","tarball":"https://registry.npmjs.org/astw/-/astw-0.0.0.tgz"},"_from":".","_npmVersion":"1.2.2","_npmUser":{"name":"substack","email":"mail@substack.net"},"maintainers":[{"name":"substack","email":"mail@substack.net"}],"directories":{}},"0.1.0":{"name":"astw","version":"0.1.0","description":"walk the ast with references to parent nodes","main":"index.js","dependencies":{"esprima-six":"0.0.3"},"devDependencies":{"tape":"~2.4.1","escodegen":"~0.0.17"},"scripts":{"test":"tape test/*.js"},"testling":{"files":"test/*.js","browsers":["ie/6..latest","chrome/20..latest","firefox/10..latest","safari/latest","opera/11.0..latest","iphone/6","ipad/6"]},"repository":{"type":"git","url":"git://github.com/substack/astw.git"},"homepage":"https://github.com/substack/astw","keywords":["ast","walk","source","esprima"],"author":{"name":"James Halliday","email":"mail@substack.net","url":"http://substack.net"},"license":"MIT","bugs":{"url":"https://github.com/substack/astw/issues"},"_id":"astw@0.1.0","dist":{"shasum":"098be2758a6e9e9e15465d4fc4ba36265de11085","tarball":"https://registry.npmjs.org/astw/-/astw-0.1.0.tgz"},"_from":".","_npmVersion":"1.3.21","_npmUser":{"name":"substack","email":"mail@substack.net"},"maintainers":[{"name":"substack","email":"mail@substack.net"}],"directories":{}},"1.0.0":{"name":"astw","version":"1.0.0","description":"walk the ast with references to parent nodes","main":"index.js","dependencies":{"esprima":"1.0.4"},"devDependencies":{"tape":"~2.4.1","escodegen":"~0.0.17"},"scripts":{"test":"tape test/*.js"},"testling":{"files":"test/*.js","browsers":["ie/6..latest","chrome/20..latest","firefox/10..latest","safari/latest","opera/11.0..latest","iphone/6","ipad/6"]},"repository":{"type":"git","url":"git://github.com/substack/astw.git"},"homepage":"https://github.com/substack/astw","keywords":["ast","walk","source","esprima"],"author":{"name":"James Halliday","email":"mail@substack.net","url":"http://substack.net"},"license":"MIT","bugs":{"url":"https://github.com/substack/astw/issues"},"_id":"astw@1.0.0","dist":{"shasum":"c909ddb59f77e5e869e13b75ad66960728baf65e","tarball":"https://registry.npmjs.org/astw/-/astw-1.0.0.tgz"},"_from":".","_npmVersion":"1.4.4","_npmUser":{"name":"substack","email":"mail@substack.net"},"maintainers":[{"name":"substack","email":"mail@substack.net"}],"directories":{}},"1.1.0":{"name":"astw","version":"1.1.0","description":"walk the ast with references to parent nodes","main":"index.js","dependencies":{"esprima-fb":"3001.1.0-dev-harmony-fb"},"devDependencies":{"tape":"~2.4.1","escodegen":"~0.0.17"},"scripts":{"test":"tape test/*.js"},"testling":{"files":"test/*.js","browsers":["ie/6..latest","chrome/20..latest","firefox/10..latest","safari/latest","opera/11.0..latest","iphone/6","ipad/6"]},"repository":{"type":"git","url":"git://github.com/substack/astw.git"},"homepage":"https://github.com/substack/astw","keywords":["ast","walk","source","esprima"],"author":{"name":"James Halliday","email":"mail@substack.net","url":"http://substack.net"},"license":"MIT","bugs":{"url":"https://github.com/substack/astw/issues"},"_id":"astw@1.1.0","dist":{"shasum":"f394778ab01c4ea467e64a614ed896ace0321a34","tarball":"https://registry.npmjs.org/astw/-/astw-1.1.0.tgz"},"_from":".","_npmVersion":"1.4.4","_npmUser":{"name":"substack","email":"mail@substack.net"},"maintainers":[{"name":"substack","email":"mail@substack.net"}],"directories":{}},"1.2.0":{"name":"astw","version":"1.2.0","description":"walk the ast with references to parent nodes","main":"index.js","dependencies":{"esprima-fb":"3001.1.0-dev-harmony-fb"},"devDependencies":{"tape":"~2.4.1","escodegen":"~0.0.17"},"scripts":{"test":"tape test/*.js"},"testling":{"files":"test/*.js","browsers":["ie/6..latest","chrome/20..latest","firefox/10..latest","safari/latest","opera/11.0..latest","iphone/6","ipad/6"]},"repository":{"type":"git","url":"git://github.com/substack/astw.git"},"homepage":"https://github.com/substack/astw","keywords":["ast","walk","source","esprima"],"author":{"name":"James Halliday","email":"mail@substack.net","url":"http://substack.net"},"license":"MIT","bugs":{"url":"https://github.com/substack/astw/issues"},"_id":"astw@1.2.0","dist":{"shasum":"f53bdd0288bc598d7f302f394246a235da51c1b4","tarball":"https://registry.npmjs.org/astw/-/astw-1.2.0.tgz"},"_from":".","_npmVersion":"1.4.4","_npmUser":{"name":"substack","email":"mail@substack.net"},"maintainers":[{"name":"substack","email":"mail@substack.net"}],"directories":{}},"1.3.0":{"name":"astw","version":"1.3.0","description":"walk the ast with references to parent nodes","main":"index.js","dependencies":{"esprima":"^2.1.0"},"devDependencies":{"tape":"~2.4.1","escodegen":"~0.0.17"},"scripts":{"test":"tape test/*.js"},"testling":{"files":"test/*.js","browsers":["ie/6..latest","chrome/20..latest","firefox/10..latest","safari/latest","opera/11.0..latest","iphone/6","ipad/6"]},"repository":{"type":"git","url":"git://github.com/substack/astw.git"},"homepage":"https://github.com/substack/astw","keywords":["ast","walk","source","esprima"],"author":{"name":"James Halliday","email":"mail@substack.net","url":"http://substack.net"},"license":"MIT","gitHead":"6aa962f39fb28de20e2ef44102a086f3dcdb4bb2","bugs":{"url":"https://github.com/substack/astw/issues"},"_id":"astw@1.3.0","_shasum":"015774a6427ad3b9ec46d7a2b41ae73dac624ca5","_from":".","_npmVersion":"2.3.0","_nodeVersion":"0.12.0","_npmUser":{"name":"substack","email":"mail@substack.net"},"maintainers":[{"name":"substack","email":"mail@substack.net"}],"dist":{"shasum":"015774a6427ad3b9ec46d7a2b41ae73dac624ca5","tarball":"https://registry.npmjs.org/astw/-/astw-1.3.0.tgz"},"directories":{}},"2.0.0":{"name":"astw","version":"2.0.0","description":"walk the ast with references to parent nodes","main":"index.js","dependencies":{"acorn":"^1.0.3"},"devDependencies":{"tape":"~2.4.1","escodegen":"~0.0.17"},"scripts":{"test":"tape test/*.js"},"testling":{"files":"test/*.js","browsers":["ie/6..latest","chrome/20..latest","firefox/10..latest","safari/latest","opera/11.0..latest","iphone/6","ipad/6"]},"repository":{"type":"git","url":"git://github.com/substack/astw.git"},"homepage":"https://github.com/substack/astw","keywords":["ast","walk","source","acorn"],"author":{"name":"James Halliday","email":"mail@substack.net","url":"http://substack.net"},"license":"MIT","gitHead":"c2c3527430c94a9379eb05f50dab74314e54e940","bugs":{"url":"https://github.com/substack/astw/issues"},"_id":"astw@2.0.0","_shasum":"08121ac8288d35611c0ceec663f6cd545604897d","_from":".","_npmVersion":"2.7.5","_nodeVersion":"1.6.3","_npmUser":{"name":"substack","email":"substack@gmail.com"},"dist":{"shasum":"08121ac8288d35611c0ceec663f6cd545604897d","tarball":"https://registry.npmjs.org/astw/-/astw-2.0.0.tgz"},"maintainers":[{"name":"substack","email":"mail@substack.net"}],"directories":{}}},"readme":"# astw\n\nwalk the ast\n\n[![browser support](http://ci.testling.com/substack/astw.png)](http://ci.testling.com/substack/astw)\n\n[![build status](https://secure.travis-ci.org/substack/astw.png)](http://travis-ci.org/substack/astw)\n\nThis module is a faster version of\n[falafel](https://github.com/substack/node-falafel)\nthat only does ast walking and `.parent` tracking, not source transforms.\n\n# example\n\n``` js\nvar astw = require('astw');\nvar deparse = require('escodegen').generate;\nvar walk = astw('4 + beep(5 * 2)');\n\nwalk(function (node) {\n    var src = deparse(node);\n    console.log(node.type + ' :: ' + JSON.stringify(src));\n});\n```\n\n# methods\n\n``` js\nvar astw = require('astw')\n```\n\n## var walk = astw(src)\n\nReturn a `walk()` function from the source string or ast object `src`.\n\n## walk(cb)\n\nWalk the nodes in the ast with `cb(node)` where `node` is each element in the\nast from [esprima](http://esprima.org/) but with an additional `.parent`\nreference to the parent node.\n\n# install\n\nWith [npm](https://npmjs.org) do:\n\n```\nnpm install astw\n```\n\n# license\n\nMIT\n","maintainers":[{"name":"substack","email":"substack@gmail.com"},{"name":"zertosh","email":"zertosh@gmail.com"}],"time":{"modified":"2015-04-25T20:26:01.584Z","created":"2013-03-02T10:32:36.040Z","0.0.0":"2013-03-02T10:32:36.939Z","0.1.0":"2014-02-01T06:11:18.168Z","1.0.0":"2014-03-05T01:36:26.860Z","1.1.0":"2014-03-18T23:03:30.177Z","1.2.0":"2014-03-20T08:08:02.790Z","1.3.0":"2015-03-14T23:11:34.248Z","2.0.0":"2015-04-25T20:22:02.472Z"},"author":{"name":"James Halliday","email":"mail@substack.net","url":"http://substack.net"},"repository":{"type":"git","url":"git://github.com/substack/astw.git"},"readmeFilename":"readme.markdown","homepage":"https://github.com/substack/astw","keywords":["ast","walk","source","acorn"],"bugs":{"url":"https://github.com/substack/astw/issues"},"license":"MIT","_attachments":{},"_etag":"\"CI17VLCK9Z7E6YX7ECLOWY93Q\"","_cached":true}