{"_id":"sortablejs","_rev":"33-523ea920d2d29301d760a21361f224be","name":"sortablejs","time":{"modified":"2016-11-14T19:26:38.117Z","created":"2014-11-25T21:23:59.462Z","0.6.0":"2014-11-25T21:23:59.462Z","0.7.0":"2014-12-03T20:08:02.739Z","0.7.1":"2014-12-05T11:59:36.201Z","0.7.2":"2014-12-08T06:53:05.484Z","1.0.0":"2014-12-22T06:06:42.727Z","1.0.1":"2015-01-26T19:11:53.160Z","1.1.0":"2015-02-13T19:20:02.933Z","1.1.1":"2015-02-20T05:56:08.295Z","1.2.0":"2015-05-30T10:53:50.088Z","1.2.1":"2015-09-01T06:54:05.093Z","1.3.0":"2015-09-22T19:29:36.871Z","1.4.0":"2015-10-13T07:47:31.789Z","1.4.1":"2015-10-14T18:38:52.553Z","1.4.2":"2015-10-21T08:53:48.330Z","1.5.0-rc1":"2016-11-14T19:26:38.117Z"},"maintainers":[{"name":"rubaxa","email":"ibnRubaXa@gmail.com"}],"dist-tags":{"latest":"1.5.0-rc1"},"description":"Minimalist JavaScript library for reorderable drag-and-drop lists on modern browsers and touch devices. No jQuery. Supports AngularJS and any CSS library, e.g. Bootstrap.","readme":"# Sortable\nSortable is a minimalist JavaScript library for reorderable drag-and-drop lists.\n\nDemo: http://rubaxa.github.io/Sortable/\n\n\n## Features\n\n * Supports touch devices and [modern](http://caniuse.com/#search=drag) browsers (including IE9)\n * Can drag from one list to another or within the same list\n * CSS animation when moving items\n * Supports drag handles *and selectable text* (better than voidberg's html5sortable)\n * Smart auto-scrolling\n * Built using native HTML5 drag and drop API\n * Supports\n  * [Meteor](https://github.com/SortableJS/meteor-sortablejs)\n  * AngularJS\n    * [2.0+](https://github.com/SortableJS/angular-sortablejs)\n    * [1.*](https://github.com/SortableJS/angular-legacy-sortablejs)\n  * React\n    * [ES2015+](https://github.com/SortableJS/react-sortablejs)\n    * [Mixin](https://github.com/SortableJS/react-mixin-sortablejs)\n  * [Knockout](https://github.com/SortableJS/knockout-sortablejs)\n  * [Polymer](https://github.com/SortableJS/polymer-sortablejs)\n * Supports any CSS library, e.g. [Bootstrap](#bs)\n * Simple API\n * [CDN](#cdn)\n * No jQuery (but there is [support](#jq))\n\n\n<br/>\n\n\n### Articles\n\n * [Sortable v1.0 — New capabilities](https://github.com/RubaXa/Sortable/wiki/Sortable-v1.0-—-New-capabilities/) (December 22, 2014)\n * [Sorting with the help of HTML5 Drag'n'Drop API](https://github.com/RubaXa/Sortable/wiki/Sorting-with-the-help-of-HTML5-Drag'n'Drop-API/) (December 23, 2013)\n\n\n<br/>\n\n### Install\n\nVia npm\n\n```bash\n$ npm install sortablejs --save\n```\n\nVia bower:\n\n```bash\n$ bower install --save sortablejs\n```\n\n<br/>\n\n### Usage\n```html\n<ul id=\"items\">\n\t<li>item 1</li>\n\t<li>item 2</li>\n\t<li>item 3</li>\n</ul>\n```\n\n```js\nvar el = document.getElementById('items');\nvar sortable = Sortable.create(el);\n```\n\nYou can use any element for the list and its elements, not just `ul`/`li`. Here is an [example with `div`s](http://jsbin.com/luxero/2/edit?html,js,output).\n\n\n---\n\n\n### Options\n```js\nvar sortable = new Sortable(el, {\n\tgroup: \"name\",  // or { name: \"...\", pull: [true, false, clone], put: [true, false, array] }\n\tsort: true,  // sorting inside list\n\tdelay: 0, // time in milliseconds to define when the sorting should start\n\tdisabled: false, // Disables the sortable if set to true.\n\tstore: null,  // @see Store\n\tanimation: 150,  // ms, animation speed moving items when sorting, `0` — without animation\n\thandle: \".my-handle\",  // Drag handle selector within list items\n\tfilter: \".ignore-elements\",  // Selectors that do not lead to dragging (String or Function)\n\tdraggable: \".item\",  // Specifies which items inside the element should be draggable\n\tghostClass: \"sortable-ghost\",  // Class name for the drop placeholder\n\tchosenClass: \"sortable-chosen\",  // Class name for the chosen item\n\tdragClass: \"sortable-drag\",  // Class name for the dragging item\n\tdataIdAttr: 'data-id',\n\n\tforceFallback: false,  // ignore the HTML5 DnD behaviour and force the fallback to kick in\n\n\tfallbackClass: \"sortable-fallback\",  // Class name for the cloned DOM Element when using forceFallback\n\tfallbackOnBody: false,  // Appends the cloned DOM Element into the Document's Body\n\tfallbackTolerance: 0 // Specify in pixels how far the mouse should move before it's considered as a drag.        \n\t\n\tscroll: true, // or HTMLElement\n\tscrollFn: function(offsetX, offsetY, originalEvent) { ... }, // if you have custom scrollbar scrollFn may be used for autoscrolling\n\tscrollSensitivity: 30, // px, how near the mouse must be to an edge to start scrolling.\n\tscrollSpeed: 10, // px\n\n\tsetData: function (/** DataTransfer */dataTransfer, /** HTMLElement*/dragEl) {\n\t\tdataTransfer.setData('Text', dragEl.textContent); // `dataTransfer` object of HTML5 DragEvent\n\t},\n\n\t// Element is chosen\n\tonChoose: function (/**Event*/evt) {\n\t\tevt.oldIndex;  // element index within parent\n\t},\n\n\t// Element dragging started\n\tonStart: function (/**Event*/evt) {\n\t\tevt.oldIndex;  // element index within parent\n\t},\n\n\t// Element dragging ended\n\tonEnd: function (/**Event*/evt) {\n\t\tevt.oldIndex;  // element's old index within parent\n\t\tevt.newIndex;  // element's new index within parent\n\t},\n\n\t// Element is dropped into the list from another list\n\tonAdd: function (/**Event*/evt) {\n\t\tvar itemEl = evt.item;  // dragged HTMLElement\n\t\tevt.from;  // previous list\n\t\t// + indexes from onEnd\n\t},\n\n\t// Changed sorting within list\n\tonUpdate: function (/**Event*/evt) {\n\t\tvar itemEl = evt.item;  // dragged HTMLElement\n\t\t// + indexes from onEnd\n\t},\n\n\t// Called by any change to the list (add / update / remove)\n\tonSort: function (/**Event*/evt) {\n\t\t// same properties as onUpdate\n\t},\n\n\t// Element is removed from the list into another list\n\tonRemove: function (/**Event*/evt) {\n\t\t// same properties as onUpdate\n\t},\n\n\t// Attempt to drag a filtered element\n\tonFilter: function (/**Event*/evt) {\n\t\tvar itemEl = evt.item;  // HTMLElement receiving the `mousedown|tapstart` event.\n\t},\n\n\t// Event when you move an item in the list or between lists\n\tonMove: function (/**Event*/evt, /**Event*/originalEvent) {\n\t\t// Example: http://jsbin.com/tuyafe/1/edit?js,output\n\t\tevt.dragged; // dragged HTMLElement\n\t\tevt.draggedRect; // TextRectangle {left, top, right и bottom}\n\t\tevt.related; // HTMLElement on which have guided\n\t\tevt.relatedRect; // TextRectangle\n\t\toriginalEvent.clientY; // mouse position\n\t\t// return false; — for cancel\n\t},\n\t\n\t// Called when creating a clone of element\n\tonClone: function (/**Event*/evt) {\n\t\tvar origEl = evt.item;\n\t\tvar cloneEl = evt.clone;\n\t}\n});\n```\n\n\n---\n\n\n#### `group` option\nTo drag elements from one list into another, both lists must have the same `group` value.\nYou can also define whether lists can give away, give and keep a copy (`clone`), and receive elements.\n\n * name: `String` — group name\n * pull: `true|false|'clone'|function` — ability to move from the list. `clone` — copy the item, rather than move.\n * put: `true|false|[\"foo\", \"bar\"]|function` — whether elements can be added from other lists, or an array of group names from which elements can be taken.\n\nDemo:\n - http://jsbin.com/naduvo/edit?js,output\n - http://jsbin.com/rusuvot/edit?js,output — use of complex logic in the `pull` and` put`\n\n\n---\n\n\n#### `sort` option\nSorting inside list.\n\nDemo: http://jsbin.com/xizeh/2/edit?html,js,output\n\n\n---\n\n\n#### `delay` option\nTime in milliseconds to define when the sorting should start.\n\nDemo: http://jsbin.com/xizeh/4/edit?html,js,output\n\n\n---\n\n\n#### `disabled` options\nDisables the sortable if set to `true`.\n\nDemo: http://jsbin.com/xiloqu/1/edit?html,js,output\n\n```js\nvar sortable = Sortable.create(list);\n\ndocument.getElementById(\"switcher\").onclick = function () {\n\tvar state = sortable.option(\"disabled\"); // get\n\n\tsortable.option(\"disabled\", !state); // set\n};\n```\n\n\n---\n\n\n#### `handle` option\nTo make list items draggable, Sortable disables text selection by the user.\nThat's not always desirable. To allow text selection, define a drag handler,\nwhich is an area of every list element that allows it to be dragged around.\n\nDemo: http://jsbin.com/newize/1/edit?html,js,output\n\n```js\nSortable.create(el, {\n\thandle: \".my-handle\"\n});\n```\n\n```html\n<ul>\n\t<li><span class=\"my-handle\">::</span> list item text one\n\t<li><span class=\"my-handle\">::</span> list item text two\n</ul>\n```\n\n```css\n.my-handle {\n\tcursor: move;\n\tcursor: -webkit-grabbing;\n}\n```\n\n\n---\n\n\n#### `filter` option\n\n\n```js\nSortable.create(list, {\n\tfilter: \".js-remove, .js-edit\",\n\tonFilter: function (evt) {\n\t\tvar item = evt.item,\n\t\t\tctrl = evt.target;\n\n\t\tif (Sortable.utils.is(ctrl, \".js-remove\")) {  // Click on remove button\n\t\t\titem.parentNode.removeChild(item); // remove sortable item\n\t\t}\n\t\telse if (Sortable.utils.is(ctrl, \".js-edit\")) {  // Click on edit link\n\t\t\t// ...\n\t\t}\n\t}\n})\n```\n\n\n---\n\n\n#### `ghostClass` option\nClass name for the drop placeholder (default `sortable-ghost`).\n\nDemo: http://jsbin.com/hunifu/1/edit?css,js,output\n\n```css\n.ghost {\n  opacity: 0.4;\n}\n```\n\n```js\nSortable.create(list, {\n  ghostClass: \"ghost\"\n});\n```\n\n\n---\n\n\n#### `chosenClass` option\nClass name for the chosen item  (default `sortable-chosen`).\n\nDemo: http://jsbin.com/hunifu/edit?html,css,js,output\n\n```css\n.chosen {\n  color: #fff;\n  background-color: #c00;\n}\n```\n\n```js\nSortable.create(list, {\n  delay: 500,\n  chosenClass: \"chosen\"\n});\n```\n\n\n---\n\n\n#### `forceFallback` option\nIf set to `true`, the Fallback for non HTML5 Browser will be used, even if we are using an HTML5 Browser.\nThis gives us the possibility to test the behaviour for older Browsers even in newer Browser, or make the Drag 'n Drop feel more consistent between Desktop , Mobile and old Browsers.\n\nOn top of that, the Fallback always generates a copy of that DOM Element and appends the class `fallbackClass` defined in the options. This behaviour controls the look of this 'dragged' Element.\n\nDemo: http://jsbin.com/pucurizace/edit?html,css,js,output\n\n\n---\n\n\n#### `fallbackTolerance` option\nEmulates the native drag threshold. Specify in pixels how far the mouse should move before it's considered as a drag.\nUseful if the items are also clickable like in a list of links.\n\nWhen the user clicks inside a sortable element, it's not uncommon for your hand to move a little between the time you press and the time you release.  \nDragging only starts if you move the pointer past a certain tolerance, so that you don't accidentally start dragging every time you click.\n\n3 to 5 are probably good values.\n\n\n---\n\n\n#### `scroll` option\nIf set to `true`, the page (or sortable-area) scrolls when coming to an edge.\n\nDemo:\n - `window`: http://jsbin.com/boqugumiqi/1/edit?html,js,output\n - `overflow: hidden`: http://jsbin.com/kohamakiwi/1/edit?html,js,output\n\n\n---\n\n\n#### `scrollFn` option\nDefines function that will be used for autoscrolling. el.scrollTop/el.scrollLeft is used by default.\nUseful when you have custom scrollbar with dedicated scroll function.\n\n\n---\n\n\n#### `scrollSensitivity` option\nDefines how near the mouse must be to an edge to start scrolling.\n\n\n---\n\n\n#### `scrollSpeed` option\nThe speed at which the window should scroll once the mouse pointer gets within the `scrollSensitivity` distance.\n\n\n---\n\n\n### Event object ([demo](http://jsbin.com/xedusu/edit?js,output))\n\n - to:`HTMLElement` — list, in which moved element.\n - from:`HTMLElement` — previous list\n - item:`HTMLElement` — dragged element\n - clone:`HTMLElement`\n - oldIndex:`Number|undefined` — old index within parent\n - newIndex:`Number|undefined` — new index within parent\n\n\n#### `move` event object\n - to:`HTMLElement`\n - from:`HTMLElement`\n - dragged:`HTMLElement`\n - draggedRect:` TextRectangle`\n - related:`HTMLElement` — element on which have guided\n - relatedRect:` TextRectangle`\n\n\n---\n\n\n### Method\n\n\n##### option(name:`String`[, value:`*`]):`*`\nGet or set the option.\n\n\n\n##### closest(el:`String`[, selector:`HTMLElement`]):`HTMLElement|null`\nFor each element in the set, get the first element that matches the selector by testing the element itself and traversing up through its ancestors in the DOM tree.\n\n\n##### toArray():`String[]`\nSerializes the sortable's item `data-id`'s (`dataIdAttr` option) into an array of string.\n\n\n##### sort(order:`String[]`)\nSorts the elements according to the array.\n\n```js\nvar order = sortable.toArray();\nsortable.sort(order.reverse()); // apply\n```\n\n\n##### save()\nSave the current sorting (see [store](#store))\n\n\n##### destroy()\nRemoves the sortable functionality completely.\n\n\n---\n\n\n<a name=\"store\"></a>\n### Store\nSaving and restoring of the sort.\n\n```html\n<ul>\n\t<li data-id=\"1\">order</li>\n\t<li data-id=\"2\">save</li>\n\t<li data-id=\"3\">restore</li>\n</ul>\n```\n\n```js\nSortable.create(el, {\n\tgroup: \"localStorage-example\",\n\tstore: {\n\t\t/**\n\t\t * Get the order of elements. Called once during initialization.\n\t\t * @param   {Sortable}  sortable\n\t\t * @returns {Array}\n\t\t */\n\t\tget: function (sortable) {\n\t\t\tvar order = localStorage.getItem(sortable.options.group.name);\n\t\t\treturn order ? order.split('|') : [];\n\t\t},\n\n\t\t/**\n\t\t * Save the order of elements. Called onEnd (when the item is dropped).\n\t\t * @param {Sortable}  sortable\n\t\t */\n\t\tset: function (sortable) {\n\t\t\tvar order = sortable.toArray();\n\t\t\tlocalStorage.setItem(sortable.options.group.name, order.join('|'));\n\t\t}\n\t}\n})\n```\n\n\n---\n\n\n<a name=\"bs\"></a>\n### Bootstrap\nDemo: http://jsbin.com/luxero/2/edit?html,js,output\n\n```html\n<!-- Latest compiled and minified CSS -->\n<link rel=\"stylesheet\" href=\"https://maxcdn.bootstrapcdn.com/bootstrap/3.3.1/css/bootstrap.min.css\"/>\n\n\n<!-- Latest Sortable -->\n<script src=\"http://rubaxa.github.io/Sortable/Sortable.js\"></script>\n\n\n<!-- Simple List -->\n<ul id=\"simpleList\" class=\"list-group\">\n\t<li class=\"list-group-item\">This is <a href=\"http://rubaxa.github.io/Sortable/\">Sortable</a></li>\n\t<li class=\"list-group-item\">It works with Bootstrap...</li>\n\t<li class=\"list-group-item\">...out of the box.</li>\n\t<li class=\"list-group-item\">It has support for touch devices.</li>\n\t<li class=\"list-group-item\">Just drag some elements around.</li>\n</ul>\n\n<script>\n    // Simple list\n    Sortable.create(simpleList, { /* options */ });\n</script>\n```\n\n\n---\n\n\n### Static methods & properties\n\n\n\n##### Sortable.create(el:`HTMLElement`[, options:`Object`]):`Sortable`\nCreate new instance.\n\n\n---\n\n\n##### Sortable.active:`Sortable`\nLink to the active instance.\n\n\n---\n\n\n##### Sortable.utils\n* on(el`:HTMLElement`, event`:String`, fn`:Function`) — attach an event handler function\n* off(el`:HTMLElement`, event`:String`, fn`:Function`) — remove an event handler\n* css(el`:HTMLElement`)`:Object` — get the values of all the CSS properties\n* css(el`:HTMLElement`, prop`:String`)`:Mixed` — get the value of style properties\n* css(el`:HTMLElement`, prop`:String`, value`:String`) — set one CSS properties\n* css(el`:HTMLElement`, props`:Object`) — set more CSS properties\n* find(ctx`:HTMLElement`, tagName`:String`[, iterator`:Function`])`:Array` — get elements by tag name\n* bind(ctx`:Mixed`, fn`:Function`)`:Function` — Takes a function and returns a new one that will always have a particular context\n* is(el`:HTMLElement`, selector`:String`)`:Boolean` — check the current matched set of elements against a selector\n* closest(el`:HTMLElement`, selector`:String`[, ctx`:HTMLElement`])`:HTMLElement|Null` — for each element in the set, get the first element that matches the selector by testing the element itself and traversing up through its ancestors in the DOM tree\n* clone(el`:HTMLElement`)`:HTMLElement` — create a deep copy of the set of matched elements\n* toggleClass(el`:HTMLElement`, name`:String`, state`:Boolean`) — add or remove one classes from each element\n\n\n---\n\n\n<a name=\"cdn\"></a>\n### CDN\n\n```html\n<!-- CDNJS :: Sortable (https://cdnjs.com/) -->\n<script src=\"//cdnjs.cloudflare.com/ajax/libs/Sortable/1.5.0-rc1/Sortable.min.js\"></script>\n\n\n<!-- jsDelivr :: Sortable (http://www.jsdelivr.com/) -->\n<script src=\"//cdn.jsdelivr.net/sortable/1.5.0-rc1/Sortable.min.js\"></script>\n\n\n<!-- jsDelivr :: Sortable :: Latest (http://www.jsdelivr.com/) -->\n<script src=\"//cdn.jsdelivr.net/sortable/latest/Sortable.min.js\"></script>\n```\n\n\n---\n\n\n<a name=\"jq\"></a>\n### jQuery compatibility\nTo assemble plugin for jQuery, perform the following steps:\n\n```bash\n  cd Sortable\n  npm install\n  grunt jquery\n```\n\nNow you can use `jquery.fn.sortable.js`:<br/>\n(or `jquery.fn.sortable.min.js` if you run `grunt jquery:min`)\n\n```js\n  $(\"#list\").sortable({ /* options */ }); // init\n\n  $(\"#list\").sortable(\"widget\"); // get Sortable instance\n\n  $(\"#list\").sortable(\"destroy\"); // destroy Sortable instance\n\n  $(\"#list\").sortable(\"{method-name}\"); // call an instance method\n\n  $(\"#list\").sortable(\"{method-name}\", \"foo\", \"bar\"); // call an instance method with parameters\n```\n\nAnd `grunt jquery:mySortableFunc` → `jquery.fn.mySortableFunc.js`\n\n---\n\n\n### Contributing (Issue/PR)\n\nPlease, [read this](CONTRIBUTING.md).\n\n\n---\n\n\n## MIT LICENSE\nCopyright 2013-2016 Lebedev Konstantin <ibnRubaXa@gmail.com>\nhttp://rubaxa.github.io/Sortable/\n\nPermission is hereby granted, free of charge, to any person obtaining\na copy of this software and associated documentation files (the\n\"Software\"), to deal in the Software without restriction, including\nwithout limitation the rights to use, copy, modify, merge, publish,\ndistribute, sublicense, and/or sell copies of the Software, and to\npermit persons to whom the Software is furnished to do so, subject to\nthe following conditions:\n\nThe above copyright notice and this permission notice shall be\nincluded in all copies or substantial portions of the Software.\n\nTHE SOFTWARE IS PROVIDED \"AS IS\", WITHOUT WARRANTY OF ANY KIND,\nEXPRESS OR IMPLIED, INCLUDING BUT NOT LIMITED TO THE WARRANTIES OF\nMERCHANTABILITY, FITNESS FOR A PARTICULAR PURPOSE AND\nNONINFRINGEMENT. IN NO EVENT SHALL THE AUTHORS OR COPYRIGHT HOLDERS BE\nLIABLE FOR ANY CLAIM, DAMAGES OR OTHER LIABILITY, WHETHER IN AN ACTION\nOF CONTRACT, TORT OR OTHERWISE, ARISING FROM, OUT OF OR IN CONNECTION\nWITH THE SOFTWARE OR THE USE OR OTHER DEALINGS IN THE SOFTWARE.\n\n","versions":{"0.7.0":{"name":"sortablejs","exportName":"Sortable","version":"0.7.0","devDependencies":{"grunt":"*","grunt-version":"*","grunt-shell":"*","grunt-contrib-jshint":"0.9.2","grunt-contrib-uglify":"*"},"description":"Minimalist library for reorderable drag-and-drop lists on modern browsers and touch devices. No jQuery.","main":"Sortable.js","scripts":{"test":"grunt"},"repository":{"type":"git","url":"git://github.com/rubaxa/Sortable.git"},"keywords":["sortable","reorder","drag"],"author":{"name":"Konstantin Lebedev","email":"ibnRubaXa@gmail.com"},"license":"MIT","bugs":{"url":"https://github.com/rubaxa/Sortable/issues"},"homepage":"https://github.com/rubaxa/Sortable","_id":"sortablejs@0.7.0","dist":{"shasum":"b058056924240c9ebef7b089c3130fb17c8f0576","tarball":"https://registry.npmjs.org/sortablejs/-/sortablejs-0.7.0.tgz"},"_from":".","_npmVersion":"1.4.3","_npmUser":{"name":"rubaxa","email":"ibnRubaXa@gmail.com"},"maintainers":[{"name":"rubaxa","email":"ibnRubaXa@gmail.com"}],"directories":{}},"0.7.1":{"name":"sortablejs","exportName":"Sortable","version":"0.7.1","devDependencies":{"grunt":"*","grunt-version":"*","grunt-shell":"*","grunt-contrib-jshint":"0.9.2","grunt-contrib-uglify":"*"},"description":"Minimalist library for reorderable drag-and-drop lists on modern browsers and touch devices. No jQuery.","main":"Sortable.js","scripts":{"test":"grunt"},"repository":{"type":"git","url":"git://github.com/rubaxa/Sortable.git"},"keywords":["sortable","reorder","drag"],"author":{"name":"Konstantin Lebedev","email":"ibnRubaXa@gmail.com"},"license":"MIT","bugs":{"url":"https://github.com/rubaxa/Sortable/issues"},"homepage":"https://github.com/rubaxa/Sortable","_id":"sortablejs@0.7.1","dist":{"shasum":"0e0c7fdbf14be50713817017f3a1723551c36880","tarball":"https://registry.npmjs.org/sortablejs/-/sortablejs-0.7.1.tgz"},"_from":".","_npmVersion":"1.3.21","_npmUser":{"name":"rubaxa","email":"ibnRubaXa@gmail.com"},"maintainers":[{"name":"rubaxa","email":"ibnRubaXa@gmail.com"}],"directories":{}},"0.7.2":{"name":"sortablejs","exportName":"Sortable","version":"0.7.2","devDependencies":{"grunt":"*","grunt-version":"*","grunt-shell":"*","grunt-contrib-jshint":"0.9.2","grunt-contrib-uglify":"*"},"description":"Minimalist library for reorderable drag-and-drop lists on modern browsers and touch devices. No jQuery.","main":"Sortable.js","scripts":{"test":"grunt"},"repository":{"type":"git","url":"git://github.com/rubaxa/Sortable.git"},"keywords":["sortable","reorder","drag"],"author":{"name":"Konstantin Lebedev","email":"ibnRubaXa@gmail.com"},"license":"MIT","bugs":{"url":"https://github.com/rubaxa/Sortable/issues"},"homepage":"https://github.com/rubaxa/Sortable","_id":"sortablejs@0.7.2","dist":{"shasum":"1a316be5f4fc953d956d847914bde8c6d694ff26","tarball":"https://registry.npmjs.org/sortablejs/-/sortablejs-0.7.2.tgz"},"_from":".","_npmVersion":"1.4.3","_npmUser":{"name":"rubaxa","email":"ibnRubaXa@gmail.com"},"maintainers":[{"name":"rubaxa","email":"ibnRubaXa@gmail.com"}],"directories":{}},"1.0.0":{"name":"sortablejs","exportName":"Sortable","version":"1.0.0","devDependencies":{"grunt":"*","grunt-version":"*","grunt-exec":"*","grunt-contrib-jshint":"0.9.2","grunt-contrib-uglify":"*","spacejam":"*"},"description":"Minimalist JavaScript library for reorderable drag-and-drop lists on modern browsers and touch devices. No jQuery. Supports AngularJS and any CSS library, e.g. Bootstrap.","main":"Sortable.js","scripts":{"test":"grunt"},"repository":{"type":"git","url":"git://github.com/rubaxa/Sortable.git"},"keywords":["sortable","reorder","drag"],"author":{"name":"Konstantin Lebedev","email":"ibnRubaXa@gmail.com"},"license":"MIT","bugs":{"url":"https://github.com/rubaxa/Sortable/issues"},"homepage":"https://github.com/rubaxa/Sortable","_id":"sortablejs@1.0.0","dist":{"shasum":"73c330cff67a413e6161b21d5799b2414b859d59","tarball":"https://registry.npmjs.org/sortablejs/-/sortablejs-1.0.0.tgz"},"_from":".","_npmVersion":"1.4.3","_npmUser":{"name":"rubaxa","email":"ibnRubaXa@gmail.com"},"maintainers":[{"name":"rubaxa","email":"ibnRubaXa@gmail.com"}],"directories":{}},"1.0.1":{"name":"sortablejs","exportName":"Sortable","version":"1.0.1","devDependencies":{"grunt":"*","grunt-version":"*","grunt-exec":"*","grunt-contrib-jshint":"0.9.2","grunt-contrib-uglify":"*","spacejam":"*"},"description":"Minimalist JavaScript library for reorderable drag-and-drop lists on modern browsers and touch devices. No jQuery. Supports AngularJS and any CSS library, e.g. Bootstrap.","main":"Sortable.js","scripts":{"test":"grunt"},"repository":{"type":"git","url":"git://github.com/rubaxa/Sortable.git"},"keywords":["sortable","reorder","drag","ng-srotable","angular"],"author":{"name":"Konstantin Lebedev","email":"ibnRubaXa@gmail.com"},"license":"MIT","spm":{"main":"Sortable.js","ignore":["meteor","st"]},"bugs":{"url":"https://github.com/rubaxa/Sortable/issues"},"homepage":"https://github.com/rubaxa/Sortable","_id":"sortablejs@1.0.1","dist":{"shasum":"6c71ecc558f08740fc6afc8042c1c0dfd45c1eb7","tarball":"https://registry.npmjs.org/sortablejs/-/sortablejs-1.0.1.tgz"},"_from":".","_npmVersion":"1.4.3","_npmUser":{"name":"rubaxa","email":"ibnRubaXa@gmail.com"},"maintainers":[{"name":"rubaxa","email":"ibnRubaXa@gmail.com"}],"directories":{}},"1.1.0":{"name":"sortablejs","exportName":"Sortable","version":"1.1.0","devDependencies":{"grunt":"*","grunt-version":"*","grunt-exec":"*","grunt-contrib-jshint":"0.9.2","grunt-contrib-uglify":"*","spacejam":"*"},"description":"Minimalist JavaScript library for reorderable drag-and-drop lists on modern browsers and touch devices. No jQuery. Supports AngularJS and any CSS library, e.g. Bootstrap.","main":"Sortable.js","scripts":{"test":"grunt"},"repository":{"type":"git","url":"git://github.com/rubaxa/Sortable.git"},"keywords":["sortable","reorder","drag","meteor","angular","ng-srotable","react","mixin"],"author":{"name":"Konstantin Lebedev","email":"ibnRubaXa@gmail.com"},"license":"MIT","spm":{"main":"Sortable.js","ignore":["meteor","st"]},"bugs":{"url":"https://github.com/rubaxa/Sortable/issues"},"homepage":"https://github.com/rubaxa/Sortable","_id":"sortablejs@1.1.0","dist":{"shasum":"4a89e66301e571866d288f8c1a0884779235ed28","tarball":"https://registry.npmjs.org/sortablejs/-/sortablejs-1.1.0.tgz"},"_from":".","_npmVersion":"1.4.3","_npmUser":{"name":"rubaxa","email":"ibnRubaXa@gmail.com"},"maintainers":[{"name":"rubaxa","email":"ibnRubaXa@gmail.com"}],"directories":{}},"1.1.1":{"name":"sortablejs","exportName":"Sortable","version":"1.1.1","devDependencies":{"grunt":"*","grunt-version":"*","grunt-exec":"*","grunt-contrib-jshint":"0.9.2","grunt-contrib-uglify":"*","spacejam":"*"},"description":"Minimalist JavaScript library for reorderable drag-and-drop lists on modern browsers and touch devices. No jQuery. Supports AngularJS and any CSS library, e.g. Bootstrap.","main":"Sortable.js","scripts":{"test":"grunt"},"repository":{"type":"git","url":"git://github.com/rubaxa/Sortable.git"},"keywords":["sortable","reorder","drag","meteor","angular","ng-srotable","react","mixin"],"author":{"name":"Konstantin Lebedev","email":"ibnRubaXa@gmail.com"},"license":"MIT","spm":{"main":"Sortable.js","ignore":["meteor","st"]},"bugs":{"url":"https://github.com/rubaxa/Sortable/issues"},"homepage":"https://github.com/rubaxa/Sortable","_id":"sortablejs@1.1.1","dist":{"shasum":"eb43fb573ffb1a2f350fa7e68f13dc9f99226323","tarball":"https://registry.npmjs.org/sortablejs/-/sortablejs-1.1.1.tgz"},"_from":".","_npmVersion":"1.4.3","_npmUser":{"name":"rubaxa","email":"ibnRubaXa@gmail.com"},"maintainers":[{"name":"rubaxa","email":"ibnRubaXa@gmail.com"}],"directories":{}},"1.2.0":{"name":"sortablejs","exportName":"Sortable","version":"1.2.0","devDependencies":{"grunt":"*","grunt-version":"*","grunt-exec":"*","grunt-contrib-jshint":"0.9.2","grunt-contrib-uglify":"*","spacejam":"*"},"description":"Minimalist JavaScript library for reorderable drag-and-drop lists on modern browsers and touch devices. No jQuery. Supports AngularJS and any CSS library, e.g. Bootstrap.","main":"Sortable.js","scripts":{"test":"grunt"},"repository":{"type":"git","url":"git://github.com/rubaxa/Sortable.git"},"keywords":["sortable","reorder","drag","meteor","angular","ng-srotable","react","mixin"],"author":{"name":"Konstantin Lebedev","email":"ibnRubaXa@gmail.com"},"license":"MIT","spm":{"main":"Sortable.js","ignore":["meteor","st"]},"bugs":{"url":"https://github.com/rubaxa/Sortable/issues"},"homepage":"https://github.com/rubaxa/Sortable","_id":"sortablejs@1.2.0","dist":{"shasum":"0089c77744769e39d57479f23bde7b9c184078a9","tarball":"https://registry.npmjs.org/sortablejs/-/sortablejs-1.2.0.tgz"},"_from":".","_npmVersion":"1.4.3","_npmUser":{"name":"rubaxa","email":"ibnRubaXa@gmail.com"},"maintainers":[{"name":"rubaxa","email":"ibnRubaXa@gmail.com"}],"directories":{}},"1.2.1":{"name":"sortablejs","exportName":"Sortable","version":"1.2.1","devDependencies":{"grunt":"*","grunt-version":"*","grunt-exec":"*","grunt-contrib-jshint":"0.9.2","grunt-contrib-uglify":"*","spacejam":"*"},"description":"Minimalist JavaScript library for reorderable drag-and-drop lists on modern browsers and touch devices. No jQuery. Supports AngularJS and any CSS library, e.g. Bootstrap.","main":"Sortable.js","scripts":{"test":"grunt"},"repository":{"type":"git","url":"git://github.com/rubaxa/Sortable.git"},"keywords":["sortable","reorder","drag","meteor","angular","ng-sortable","react","mixin"],"author":{"name":"Konstantin Lebedev","email":"ibnRubaXa@gmail.com"},"license":"MIT","spm":{"main":"Sortable.js","ignore":["meteor","st"]},"gitHead":"e912d00edb70f0da82dc8351c8d21e358f0df7d9","bugs":{"url":"https://github.com/rubaxa/Sortable/issues"},"homepage":"https://github.com/rubaxa/Sortable#readme","_id":"sortablejs@1.2.1","_shasum":"946001e11d646d49f5a66c613019075ccd678d9d","_from":".","_npmVersion":"2.11.2","_nodeVersion":"0.12.5","_npmUser":{"name":"rubaxa","email":"ibnRubaXa@gmail.com"},"dist":{"shasum":"946001e11d646d49f5a66c613019075ccd678d9d","tarball":"https://registry.npmjs.org/sortablejs/-/sortablejs-1.2.1.tgz"},"maintainers":[{"name":"rubaxa","email":"ibnRubaXa@gmail.com"}],"directories":{}},"1.3.0":{"name":"sortablejs","exportName":"Sortable","version":"1.3.0","devDependencies":{"grunt":"*","grunt-version":"*","grunt-exec":"*","grunt-contrib-jshint":"0.9.2","grunt-contrib-uglify":"*","spacejam":"*"},"description":"Minimalist JavaScript library for reorderable drag-and-drop lists on modern browsers and touch devices. No jQuery. Supports AngularJS and any CSS library, e.g. Bootstrap.","main":"Sortable.js","scripts":{"test":"grunt"},"repository":{"type":"git","url":"git://github.com/rubaxa/Sortable.git"},"keywords":["sortable","reorder","drag","meteor","angular","ng-sortable","react","mixin"],"author":{"name":"Konstantin Lebedev","email":"ibnRubaXa@gmail.com"},"license":"MIT","spm":{"main":"Sortable.js","ignore":["meteor","st"]},"gitHead":"385f03e5d0d82ea8f839929c1d447102f795b363","bugs":{"url":"https://github.com/rubaxa/Sortable/issues"},"homepage":"https://github.com/rubaxa/Sortable","_id":"sortablejs@1.3.0","_shasum":"7dbfd7d88e879e03d380f577e70c7586b9b20920","_from":".","_npmVersion":"2.14.3","_nodeVersion":"4.1.0","_npmUser":{"name":"rubaxa","email":"ibnRubaXa@gmail.com"},"maintainers":[{"name":"rubaxa","email":"ibnRubaXa@gmail.com"}],"dist":{"shasum":"7dbfd7d88e879e03d380f577e70c7586b9b20920","tarball":"https://registry.npmjs.org/sortablejs/-/sortablejs-1.3.0.tgz"},"directories":{}},"1.4.0":{"name":"sortablejs","exportName":"Sortable","version":"1.4.0","devDependencies":{"grunt":"*","grunt-version":"*","grunt-exec":"*","grunt-contrib-jshint":"0.9.2","grunt-contrib-uglify":"*","spacejam":"*"},"description":"Minimalist JavaScript library for reorderable drag-and-drop lists on modern browsers and touch devices. No jQuery. Supports AngularJS and any CSS library, e.g. Bootstrap.","main":"Sortable.js","scripts":{"test":"grunt"},"repository":{"type":"git","url":"git://github.com/rubaxa/Sortable.git"},"keywords":["sortable","reorder","drag","meteor","angular","ng-sortable","react","mixin"],"author":{"name":"Konstantin Lebedev","email":"ibnRubaXa@gmail.com"},"license":"MIT","spm":{"main":"Sortable.js","ignore":["meteor","st"]},"gitHead":"a793a5e3951a0812a7241aab52a4d9bb56eb598b","bugs":{"url":"https://github.com/rubaxa/Sortable/issues"},"homepage":"https://github.com/rubaxa/Sortable#readme","_id":"sortablejs@1.4.0","_shasum":"9e1bc8410a852a0560606cb88fdbf85a6565befa","_from":".","_npmVersion":"2.14.2","_nodeVersion":"4.0.0","_npmUser":{"name":"rubaxa","email":"ibnRubaXa@gmail.com"},"dist":{"shasum":"9e1bc8410a852a0560606cb88fdbf85a6565befa","tarball":"https://registry.npmjs.org/sortablejs/-/sortablejs-1.4.0.tgz"},"maintainers":[{"name":"rubaxa","email":"ibnRubaXa@gmail.com"}],"directories":{}},"1.4.1":{"name":"sortablejs","exportName":"Sortable","version":"1.4.1","devDependencies":{"grunt":"*","grunt-version":"*","grunt-exec":"*","grunt-contrib-jshint":"0.9.2","grunt-contrib-uglify":"*","spacejam":"*"},"description":"Minimalist JavaScript library for reorderable drag-and-drop lists on modern browsers and touch devices. No jQuery. Supports AngularJS and any CSS library, e.g. Bootstrap.","main":"Sortable.js","scripts":{"test":"grunt"},"repository":{"type":"git","url":"git://github.com/rubaxa/Sortable.git"},"keywords":["sortable","reorder","drag","meteor","angular","ng-sortable","react","mixin"],"author":{"name":"Konstantin Lebedev","email":"ibnRubaXa@gmail.com"},"license":"MIT","spm":{"main":"Sortable.js","ignore":["meteor","st"]},"gitHead":"40a2f605459687e0ee20e4d121006bca5b24fcab","bugs":{"url":"https://github.com/rubaxa/Sortable/issues"},"homepage":"https://github.com/rubaxa/Sortable","_id":"sortablejs@1.4.1","_shasum":"68ea791c37cff52b7a232e5181edf93744c3eac4","_from":".","_npmVersion":"2.14.3","_nodeVersion":"4.1.0","_npmUser":{"name":"rubaxa","email":"ibnRubaXa@gmail.com"},"maintainers":[{"name":"rubaxa","email":"ibnRubaXa@gmail.com"}],"dist":{"shasum":"68ea791c37cff52b7a232e5181edf93744c3eac4","tarball":"https://registry.npmjs.org/sortablejs/-/sortablejs-1.4.1.tgz"},"directories":{}},"1.4.2":{"name":"sortablejs","exportName":"Sortable","version":"1.4.2","devDependencies":{"grunt":"*","grunt-version":"*","grunt-exec":"*","grunt-contrib-jshint":"0.9.2","grunt-contrib-uglify":"*","spacejam":"*"},"description":"Minimalist JavaScript library for reorderable drag-and-drop lists on modern browsers and touch devices. No jQuery. Supports AngularJS and any CSS library, e.g. Bootstrap.","main":"Sortable.js","scripts":{"test":"grunt"},"repository":{"type":"git","url":"git://github.com/rubaxa/Sortable.git"},"keywords":["sortable","reorder","drag","meteor","angular","ng-sortable","react","mixin"],"author":{"name":"Konstantin Lebedev","email":"ibnRubaXa@gmail.com"},"license":"MIT","spm":{"main":"Sortable.js","ignore":["meteor","st"]},"gitHead":"51337f72792525e438680695e223b327b1648e0a","bugs":{"url":"https://github.com/rubaxa/Sortable/issues"},"homepage":"https://github.com/rubaxa/Sortable#readme","_id":"sortablejs@1.4.2","_shasum":"10df66054e1d1dcb538d7eaedaeaf692232c8d0d","_from":".","_npmVersion":"2.14.2","_nodeVersion":"4.0.0","_npmUser":{"name":"rubaxa","email":"ibnRubaXa@gmail.com"},"dist":{"shasum":"10df66054e1d1dcb538d7eaedaeaf692232c8d0d","tarball":"https://registry.npmjs.org/sortablejs/-/sortablejs-1.4.2.tgz"},"maintainers":[{"name":"rubaxa","email":"ibnRubaXa@gmail.com"}],"directories":{}},"1.5.0-rc1":{"name":"sortablejs","exportName":"Sortable","version":"1.5.0-rc1","devDependencies":{"grunt":"*","grunt-version":"*","grunt-contrib-jshint":"*","grunt-contrib-uglify":"*"},"description":"Minimalist JavaScript library for reorderable drag-and-drop lists on modern browsers and touch devices. No jQuery. Supports AngularJS and any CSS library, e.g. Bootstrap.","main":"Sortable.js","scripts":{"test":"grunt"},"repository":{"type":"git","url":"git://github.com/rubaxa/Sortable.git"},"keywords":["sortable","reorder","drag","meteor","angular","ng-sortable","react","mixin"],"author":{"name":"Konstantin Lebedev","email":"ibnRubaXa@gmail.com"},"license":"MIT","spm":{"main":"Sortable.js","ignore":["meteor","st"]},"gitHead":"8e48c2aa1e4f23b7f061caa3a6a276216fff0b67","bugs":{"url":"https://github.com/rubaxa/Sortable/issues"},"homepage":"https://github.com/rubaxa/Sortable#readme","_id":"sortablejs@1.5.0-rc1","_shasum":"c3407e9a6fc4a54b4d0804926a2e2993544d91b3","_from":".","_npmVersion":"3.10.3","_nodeVersion":"6.3.0","_npmUser":{"name":"rubaxa","email":"ibnRubaXa@gmail.com"},"dist":{"shasum":"c3407e9a6fc4a54b4d0804926a2e2993544d91b3","tarball":"https://registry.npmjs.org/sortablejs/-/sortablejs-1.5.0-rc1.tgz"},"maintainers":[{"name":"rubaxa","email":"ibnRubaXa@gmail.com"}],"_npmOperationalInternal":{"host":"packages-12-west.internal.npmjs.com","tmp":"tmp/sortablejs-1.5.0-rc1.tgz_1479151595948_0.02265141112729907"},"directories":{}}},"homepage":"https://github.com/rubaxa/Sortable#readme","keywords":["sortable","reorder","drag","meteor","angular","ng-sortable","react","mixin"],"repository":{"type":"git","url":"git://github.com/rubaxa/Sortable.git"},"author":{"name":"Konstantin Lebedev","email":"ibnRubaXa@gmail.com"},"bugs":{"url":"https://github.com/rubaxa/Sortable/issues"},"license":"MIT","readmeFilename":"README.md","users":{"dandv":true,"jonabasque":true,"ux_web":true,"cheapsteak":true,"lmhs":true,"filipve":true,"megawac":true,"mattantwest":true,"steve3d3d":true},"_attachments":{},"_etag":"W/\"582a0fee-8e1f\"","_lastModified":"Mon, 14 Nov 2016 19:26:38 GMT"}