{"_id":"sub-atom","_rev":"17-a3e422519d7416b08f37408a14edfbc8","name":"sub-atom","description":"A replacement for Atom's CompositeDisposable for easy subscribing to DOM events.","dist-tags":{"latest":"1.1.0"},"versions":{"0.1.0":{"name":"sub-atom","main":"./lib/subatom","version":"0.1.0","description":"A replacement for Atom's CompositeDisposable for easy subscribing to DOM events.","repository":{"type":"git","url":"https://github.com/mark-hahn/sub-atom"},"license":"MIT","dependencies":{"space-pen":"*"},"bugs":{"url":"https://github.com/mark-hahn/sub-atom/issues"},"homepage":"https://github.com/mark-hahn/sub-atom","_id":"sub-atom@0.1.0","_shasum":"b0ce91cf7536f56bea2e086415285db0ccd1fbe3","_from":"./","_npmVersion":"1.4.9","_npmUser":{"name":"mchahn","email":"mark@hahnca.com"},"maintainers":[{"name":"mchahn","email":"mark@hahnca.com"}],"dist":{"shasum":"b0ce91cf7536f56bea2e086415285db0ccd1fbe3","tarball":"https://registry.npmjs.org/sub-atom/-/sub-atom-0.1.0.tgz"},"directories":{}},"0.1.1":{"name":"sub-atom","main":"./lib/sub-atom","version":"0.1.1","description":"A replacement for Atom's CompositeDisposable for easy subscribing to DOM events.","repository":{"type":"git","url":"https://github.com/mark-hahn/sub-atom"},"license":"MIT","dependencies":{"jquery":"^2"},"bugs":{"url":"https://github.com/mark-hahn/sub-atom/issues"},"homepage":"https://github.com/mark-hahn/sub-atom","_id":"sub-atom@0.1.1","_shasum":"01fd7bc0b2d8a237a97bfa3b75cab9c24a493d0b","_from":"./","_npmVersion":"1.4.9","_npmUser":{"name":"mchahn","email":"mark@hahnca.com"},"maintainers":[{"name":"mchahn","email":"mark@hahnca.com"}],"dist":{"shasum":"01fd7bc0b2d8a237a97bfa3b75cab9c24a493d0b","tarball":"https://registry.npmjs.org/sub-atom/-/sub-atom-0.1.1.tgz"},"directories":{}},"0.1.2":{"name":"sub-atom","main":"./lib/sub-atom","version":"0.1.2","description":"A replacement for Atom's CompositeDisposable for easy subscribing to DOM events.","repository":{"type":"git","url":"https://github.com/mark-hahn/sub-atom"},"license":"MIT","dependencies":{"jquery":"^2"},"bugs":{"url":"https://github.com/mark-hahn/sub-atom/issues"},"homepage":"https://github.com/mark-hahn/sub-atom","_id":"sub-atom@0.1.2","_shasum":"d4922947476d0406cf32c08ddf5eed7c3b5114be","_from":"./","_npmVersion":"1.4.9","_npmUser":{"name":"mchahn","email":"mark@hahnca.com"},"maintainers":[{"name":"mchahn","email":"mark@hahnca.com"}],"dist":{"shasum":"d4922947476d0406cf32c08ddf5eed7c3b5114be","tarball":"https://registry.npmjs.org/sub-atom/-/sub-atom-0.1.2.tgz"},"directories":{}},"0.1.3":{"name":"sub-atom","main":"./lib/sub-atom","version":"0.1.3","description":"A replacement for Atom's CompositeDisposable for easy subscribing to DOM events.","repository":{"type":"git","url":"https://github.com/mark-hahn/sub-atom"},"license":"MIT","dependencies":{"jquery":"^2"},"bugs":{"url":"https://github.com/mark-hahn/sub-atom/issues"},"homepage":"https://github.com/mark-hahn/sub-atom","_id":"sub-atom@0.1.3","_shasum":"8dcd15fa2a8ae399ede8644f7901b3bb5946306b","_from":"./","_npmVersion":"1.4.9","_npmUser":{"name":"mchahn","email":"mark@hahnca.com"},"maintainers":[{"name":"mchahn","email":"mark@hahnca.com"}],"dist":{"shasum":"8dcd15fa2a8ae399ede8644f7901b3bb5946306b","tarball":"https://registry.npmjs.org/sub-atom/-/sub-atom-0.1.3.tgz"},"directories":{}},"0.1.4":{"name":"sub-atom","main":"./lib/sub-atom","version":"0.1.4","description":"A replacement for Atom's CompositeDisposable for easy subscribing to DOM events.","repository":{"type":"git","url":"https://github.com/mark-hahn/sub-atom"},"license":"MIT","dependencies":{"jquery":"^2"},"gitHead":"133cb404c7c5379d5fed1bd5de4e70457ea154b2","bugs":{"url":"https://github.com/mark-hahn/sub-atom/issues"},"homepage":"https://github.com/mark-hahn/sub-atom","_id":"sub-atom@0.1.4","scripts":{},"_shasum":"1a7bd42d1b26d7cb82e6e6f4ea5d3479fdb106bf","_from":".","_npmVersion":"2.5.1","_nodeVersion":"0.12.0","_npmUser":{"name":"mchahn","email":"mark@hahnca.com"},"maintainers":[{"name":"mchahn","email":"mark@hahnca.com"}],"dist":{"shasum":"1a7bd42d1b26d7cb82e6e6f4ea5d3479fdb106bf","tarball":"https://registry.npmjs.org/sub-atom/-/sub-atom-0.1.4.tgz"},"directories":{}},"1.0.0":{"name":"sub-atom","main":"./lib/sub-atom","version":"1.0.0","description":"A replacement for Atom's CompositeDisposable for easy subscribing to DOM events.","repository":{"type":"git","url":"https://github.com/mark-hahn/sub-atom"},"license":"MIT","dependencies":{"jquery":"^2"},"gitHead":"30eedd15c37c453044287b26c3b59cb0b2a585da","bugs":{"url":"https://github.com/mark-hahn/sub-atom/issues"},"homepage":"https://github.com/mark-hahn/sub-atom","_id":"sub-atom@1.0.0","scripts":{},"_shasum":"09c78b2c562a0768083605a29b0372ada3ee8c14","_from":".","_npmVersion":"2.5.1","_nodeVersion":"0.12.0","_npmUser":{"name":"mchahn","email":"mark@hahnca.com"},"maintainers":[{"name":"mchahn","email":"mark@hahnca.com"}],"dist":{"shasum":"09c78b2c562a0768083605a29b0372ada3ee8c14","tarball":"https://registry.npmjs.org/sub-atom/-/sub-atom-1.0.0.tgz"},"directories":{}},"1.1.0":{"name":"sub-atom","main":"./lib/sub-atom","version":"1.1.0","description":"A replacement for Atom's CompositeDisposable for easy subscribing to DOM events.","repository":{"type":"git","url":"git+https://github.com/mark-hahn/sub-atom.git"},"license":"MIT","dependencies":{"jquery":"^2"},"gitHead":"7b7dfe260632a9cf5fbd79ecf92386769f28084a","bugs":{"url":"https://github.com/mark-hahn/sub-atom/issues"},"homepage":"https://github.com/mark-hahn/sub-atom#readme","_id":"sub-atom@1.1.0","scripts":{},"_shasum":"ed4b2ab4d4bfd706a2383a492f6d592dacc3e877","_from":".","_npmVersion":"2.10.1","_nodeVersion":"0.12.4","_npmUser":{"name":"mchahn","email":"mark@hahnca.com"},"dist":{"shasum":"ed4b2ab4d4bfd706a2383a492f6d592dacc3e877","tarball":"https://registry.npmjs.org/sub-atom/-/sub-atom-1.1.0.tgz"},"maintainers":[{"name":"mchahn","email":"mark@hahnca.com"}],"directories":{}}},"readme":"# sub-atom npm module for Atom packages\n\nA replacement (wrapper) for Atom's CompositeDisposable for easy subscribing to DOM events.\n\nThis NPM module is intended only for use in add-on packages for GitHub's Atom editor.  The sub-atom repo is at https://github.com/mark-hahn/sub-atom.  Feel free to ask questions at the Atom discussion group: https://discuss.atom.io/.\n\nSub-atom is a wrapper of of Atom's `CompositeDisposable` which is an Atom class that collects `Disposable` objects that enable disposing of event handlers.  `CompositeDisposable` has no provision for handling events on DOM elements.  The Atom docs say to do this for each DOM event subscription ...\n\n```coffeescript\n$(window).on 'focus', focusCallback\ndisposables.add new Disposable ->\n  $(window).off 'focus', focusCallback\n```\n\nThis is very boated code for what it does.  Sub-atom provides the class `SubAtom` which is 100% compatible with the Atom class `CompositeDisposable` but can also replace the code above with a single line.\n\nSub-atom also has a convenience feature that ties a disposable to an event.  When the event fires the disposable is automatically disposed.\n\n## Usage\n  \nTo install sub-atom simply use `npm install sub-atom`.  Then load and initialize the sub-atom module with ...\n\n```coffeescript\nSubAtom = require('sub-atom')\nsubs = new SubAtom\n```\n\n### Add A Disposable\n\nThe `subs` object has a function `add` that can be used exactly as `CompositeDisposable::add` is used.  An example ...\n\n```coffeescript\nsubs.add editor.onDidChange ->\n```\n\n### Create And Add A DOM Subscription\n\nThe same function `add` can create a DOM subscription and add a disposable for that subscription with this signature. This uses `jQuery::on` internally.\n\n```coffeescript\nsubs.add target, events, [selector], handler\n```\n\n**target:** A DOM element, jQuery object, or a selector.  This is wrapped by jQuery before attaching the subscription.   \n\n**events:** One or more space-separated event types and optional namespaces, such as \"click\" or \"keydown.myPlugin\". \n\n**selector:** A selector string to filter the descendants of the selected elements that trigger the event. If the selector is null or omitted, then only the target element can trigger the event.\n\n**handler:** A function to execute when the event is triggered. The value false is also allowed as a shorthand for a function that simply does return false.\n\n**Note:** `SubAtom::add` returns a jQuery object. You can get the native event with `event.originalEvent`.\n\n\n### Auto-Dispose On Event\n\nWhen you attach a subscription to an element, you need to dispose the subscription when the element is destroyed instead of waiting until the end when everything is disposed.  This is complex and often not handled properly.  Atom-sub makes this easy.\n\nThis is an example of the normal method to attach a click subscription to a paneView and dispose the subscription when the pane is destroyed ...\n\n```coffeescript\npaneSubs = new SubAtom\npaneSubs.add paneView, 'click', => @click pane\npaneSubs.add pane.onDidDestroy ->\n  paneSubs.dispose()\n  @subs.remove paneSubs\n@subs.add paneSubs\n```\n\nThis is the sub-atom version.  Notice that it replaces the six lines with one line and is more readable.\n\n```coffeescript\n@subs paneView, 'click', pane, 'onDidDestroy', => @click pane\n```\n\nThis feature is enabled by adding the tigger event to the add function as two arguments, the object and the name of the method on that object. The new signatures are ...\n\n```coffeescript\nsubs.add disposable, eventObject, eventName\nsubs.add target, events, [selector], eventObject, eventName, handler\n```\n\n### Clear, Remove, and Dispose functions\n\nThe atom-sub instance also supports the other functions that CompositeDisposable provides.  These calls are passed through directly to the internal wrapped CompositeDisposable.\n\nFor example, there is the function `dispose` that disposes all added events.  This is identical to the method `CompositeDisposable::dispose`. Use ...\n\n```coffeescript\nsubs.dispose()\n```\n\n\n## License\n\nSub-atom is copyright Mark Hahn with the MIT license.","maintainers":[{"name":"mchahn","email":"mark@hahnca.com"}],"time":{"modified":"2015-08-30T19:00:42.175Z","created":"2015-01-31T19:43:59.410Z","0.1.0":"2015-01-31T19:43:59.410Z","0.1.1":"2015-01-31T21:02:50.026Z","0.1.2":"2015-01-31T22:12:56.570Z","0.1.3":"2015-02-01T01:04:01.217Z","0.1.4":"2015-02-16T00:43:19.061Z","1.0.0":"2015-02-27T01:00:59.552Z","1.1.0":"2015-08-30T19:00:42.175Z"},"homepage":"https://github.com/mark-hahn/sub-atom#readme","repository":{"type":"git","url":"git+https://github.com/mark-hahn/sub-atom.git"},"bugs":{"url":"https://github.com/mark-hahn/sub-atom/issues"},"license":"MIT","readmeFilename":"README.md","users":{"olmokramer":true,"danielbayley":true},"_attachments":{},"_etag":"\"DSVS86KGGCG9CA3Q3KARZSL87\""}