{"_id":"atom-package-path","_rev":"7-76ee547b6802e3e9a275ab152bc332d3","name":"atom-package-path","description":"Get path of requirer apm module from your npm module","dist-tags":{"latest":"1.1.0"},"versions":{"1.0.2":{"name":"atom-package-path","version":"1.0.2","description":"Get path of requirer apm module from your npm module","main":"lib/index.js","scripts":{"test":"apm test"},"keywords":["atom"],"author":{"name":"steelbrain"},"license":"MIT","repository":{"type":"git","url":"git+https://github.com/steelbrain/atom-package-path.git"},"dependencies":{"sb-callsite":"^1.1.2"},"gitHead":"a40188c4c9b093be0bee8ba0a5eef798e0fbcdc1","bugs":{"url":"https://github.com/steelbrain/atom-package-path/issues"},"homepage":"https://github.com/steelbrain/atom-package-path","_id":"atom-package-path@1.0.2","_shasum":"20810229c90db0b5be327f3a4e8d1c40295abfdb","_from":".","_npmVersion":"3.3.12","_nodeVersion":"5.5.0","_npmUser":{"name":"steelbrain","email":"de.steelbrain@gmail.com"},"dist":{"shasum":"20810229c90db0b5be327f3a4e8d1c40295abfdb","tarball":"https://registry.npmjs.org/atom-package-path/-/atom-package-path-1.0.2.tgz"},"maintainers":[{"name":"steelbrain","email":"de.steelbrain@gmail.com"}],"_npmOperationalInternal":{"host":"packages-5-east.internal.npmjs.com","tmp":"tmp/atom-package-path-1.0.2.tgz_1454947865777_0.9850409147329628"},"directories":{}},"1.1.0":{"name":"atom-package-path","version":"1.1.0","description":"Get path of requirer apm module from your npm module","main":"lib/index.js","scripts":{"test":"apm test"},"keywords":["atom"],"author":{"name":"steelbrain"},"license":"MIT","repository":{"type":"git","url":"git+https://github.com/steelbrain/atom-package-path.git"},"dependencies":{"sb-callsite":"^1.1.2"},"gitHead":"b93e6107e228c94ccb64b02a20072a63998acc90","bugs":{"url":"https://github.com/steelbrain/atom-package-path/issues"},"homepage":"https://github.com/steelbrain/atom-package-path","_id":"atom-package-path@1.1.0","_shasum":"b51fedbc00e7c8ce5223d0d803db7a3f4f69614f","_from":".","_npmVersion":"3.3.12","_nodeVersion":"5.5.0","_npmUser":{"name":"steelbrain","email":"de.steelbrain@gmail.com"},"dist":{"shasum":"b51fedbc00e7c8ce5223d0d803db7a3f4f69614f","tarball":"https://registry.npmjs.org/atom-package-path/-/atom-package-path-1.1.0.tgz"},"maintainers":[{"name":"arcanemagus","email":"landonabney@gmail.com"},{"name":"steelbrain","email":"de.steelbrain@gmail.com"}],"_npmOperationalInternal":{"host":"packages-9-west.internal.npmjs.com","tmp":"tmp/atom-package-path-1.1.0.tgz_1455638594037_0.6945905652828515"},"directories":{}}},"readme":"Atom-Package-Path\n=================\n\nAn npm module to get path of requirer apm module from your npm module\n\n##### API\n\n```js\nexport function guess(): ?string\nexport function guessFromCallIndex(index: number): ?string\nexport function guessFromFilePath(filePath: string): ?string\n```\n\n#### Usage\n\n```js\nimport {guess} from 'atom-package-path'\n\nexport function doSomething() {\n  console.log('this package was required in apm package', guess())\n}\n```\n\n#### Notes\n\nThis package guesses filePath of requirer based on the stack. It expects the stack to come from the Atom package, therefore it will work only when you call this method when your module is called from an Atom package.\n\n#### License\n\nThis project is licensed under the terms of MIT License. Check the LICENSE file for more info.\n","maintainers":[{"name":"arcanemagus","email":"landonabney@gmail.com"},{"name":"steelbrain","email":"de.steelbrain@gmail.com"}],"time":{"modified":"2016-02-16T16:03:18.056Z","created":"2016-02-08T13:04:50.302Z","1.0.0":"2016-02-08T13:04:50.302Z","1.0.1":"2016-02-08T14:03:46.691Z","1.0.2":"2016-02-08T16:11:07.172Z","1.1.0":"2016-02-16T16:03:18.056Z"},"homepage":"https://github.com/steelbrain/atom-package-path","keywords":["atom"],"repository":{"type":"git","url":"git+https://github.com/steelbrain/atom-package-path.git"},"author":{"name":"steelbrain"},"bugs":{"url":"https://github.com/steelbrain/atom-package-path/issues"},"license":"MIT","readmeFilename":"README.md","_attachments":{},"_etag":"\"147ZZ7QAYNP00O7Z45A19ROK9\""}