{"_id":"acorn-jsx","_rev":"51-9b6f5a0f7e67f91e3abbbe0a8173af01","name":"acorn-jsx","description":"Alternative, faster React.js JSX parser","dist-tags":{"latest":"3.0.1"},"versions":{"0.6.1":{"name":"acorn-jsx","description":"Alternative React JSX parser","main":"acorn.js","version":"0.6.1","maintainers":[{"name":"rreverser","email":"me@rreverser.com"}],"repository":{"type":"git","url":"git://github.com/RReverser/acorn-jsx"},"licenses":[{"type":"MIT","url":"http://marijnhaverbeke.nl/acorn/LICENSE"}],"scripts":{"test":"node test/run.js"},"bin":{"acorn-jsx":"./bin/acorn"},"bugs":{"url":"https://github.com/RReverser/acorn-jsx/issues"},"homepage":"https://github.com/RReverser/acorn-jsx","_id":"acorn-jsx@0.6.1","_shasum":"2ec300be688fa8af44fe4255ca9cd57384df624f","_from":".","_npmVersion":"1.4.9","_npmUser":{"name":"rreverser","email":"me@rreverser.com"},"dist":{"shasum":"2ec300be688fa8af44fe4255ca9cd57384df624f","tarball":"https://registry.npmjs.org/acorn-jsx/-/acorn-jsx-0.6.1.tgz"},"directories":{}},"0.6.1-1":{"name":"acorn-jsx","description":"Alternative React JSX parser","main":"acorn.js","version":"0.6.1-1","maintainers":[{"name":"rreverser","email":"me@rreverser.com"}],"repository":{"type":"git","url":"git://github.com/RReverser/acorn-jsx"},"licenses":[{"type":"MIT","url":"http://marijnhaverbeke.nl/acorn/LICENSE"}],"scripts":{"test":"node test/run.js"},"bin":{"acorn-jsx":"./bin/acorn"},"devDependencies":{"regenerate":"~0.6.2","unicode-7.0.0":"~0.1.5"},"bugs":{"url":"https://github.com/RReverser/acorn-jsx/issues"},"homepage":"https://github.com/RReverser/acorn-jsx","_id":"acorn-jsx@0.6.1-1","_shasum":"755682d4b5f425939058376081d6caf117a8ea42","_from":".","_npmVersion":"1.4.9","_npmUser":{"name":"rreverser","email":"me@rreverser.com"},"dist":{"shasum":"755682d4b5f425939058376081d6caf117a8ea42","tarball":"https://registry.npmjs.org/acorn-jsx/-/acorn-jsx-0.6.1-1.tgz"},"directories":{}},"0.6.1-2":{"name":"acorn-jsx","description":"Alternative React JSX parser","main":"acorn.js","version":"0.6.1-2","maintainers":[{"name":"rreverser","email":"me@rreverser.com"}],"repository":{"type":"git","url":"git://github.com/RReverser/acorn-jsx"},"licenses":[{"type":"MIT","url":"http://marijnhaverbeke.nl/acorn/LICENSE"}],"scripts":{"test":"node test/run.js"},"bin":{"acorn-jsx":"./bin/acorn"},"devDependencies":{"regenerate":"~0.6.2","unicode-7.0.0":"~0.1.5"},"bugs":{"url":"https://github.com/RReverser/acorn-jsx/issues"},"_id":"acorn-jsx@0.6.1-2","dist":{"shasum":"9a7f513072c838274cb2a2aea4eef446f85e956a","tarball":"https://registry.npmjs.org/acorn-jsx/-/acorn-jsx-0.6.1-2.tgz"},"_from":".","_npmVersion":"1.3.11","_npmUser":{"name":"rreverser","email":"me@rreverser.com"},"directories":{}},"0.6.1-3":{"name":"acorn-jsx","description":"Alternative React JSX parser","main":"acorn.js","version":"0.6.1-3","maintainers":[{"name":"rreverser","email":"me@rreverser.com"}],"repository":{"type":"git","url":"git://github.com/RReverser/acorn-jsx"},"licenses":[{"type":"MIT","url":"http://marijnhaverbeke.nl/acorn/LICENSE"}],"scripts":{"test":"node test/run.js"},"bin":{"acorn-jsx":"./bin/acorn"},"devDependencies":{"regenerate":"~0.6.2","unicode-7.0.0":"~0.1.5"},"bugs":{"url":"https://github.com/RReverser/acorn-jsx/issues"},"_id":"acorn-jsx@0.6.1-3","dist":{"shasum":"428c006d920a36f5cb0f6e82a9f18aecaf68295b","tarball":"https://registry.npmjs.org/acorn-jsx/-/acorn-jsx-0.6.1-3.tgz"},"_from":".","_npmVersion":"1.3.11","_npmUser":{"name":"rreverser","email":"me@rreverser.com"},"directories":{}},"0.7.1-2":{"name":"acorn-jsx","description":"Alternative React JSX parser","main":"acorn.js","version":"0.7.1-2","maintainers":[{"name":"rreverser","email":"me@rreverser.com"}],"repository":{"type":"git","url":"https://github.com/RReverser/acorn-jsx"},"licenses":[{"type":"MIT","url":"http://marijnhaverbeke.nl/acorn/LICENSE"}],"scripts":{"test":"node test/run.js"},"bin":{"acorn-jsx":"./bin/acorn"},"devDependencies":{"regenerate":"~0.6.2","unicode-7.0.0":"~0.1.5"},"contributors":[{"name":"List of Acorn contributors. Updated before every release."},{"name":"Alistair Braidwood"},{"name":"Aparajita Fishman"},{"name":"Arian Stolwijk"},{"name":"Artem Govorov"},{"name":"Brandon Mills"},{"name":"Charles Hughes"},{"name":"Conrad Irwin"},{"name":"David Bonnet"},{"name":"impinball"},{"name":"Ingvar Stepanyan"},{"name":"Jiaxing Wang"},{"name":"Johannes Herr"},{"name":"Jürg Lehni"},{"name":"keeyipchan"},{"name":"krator"},{"name":"Marijn Haverbeke"},{"name":"Martin Carlberg"},{"name":"Mathias Bynens"},{"name":"Mathieu 'p01' Henri"},{"name":"Mihai Bazon"},{"name":"Oskar Schöldström"},{"name":"Paul Harper"},{"name":"Peter Rust"},{"name":"PlNG"},{"name":"zsjforcn"}],"gitHead":"fe805f396ee3691836a50f8add9badac5e6ba084","bugs":{"url":"https://github.com/RReverser/acorn-jsx/issues"},"homepage":"https://github.com/RReverser/acorn-jsx","_id":"acorn-jsx@0.7.1-2","_shasum":"0a32e1dd73f9947d13838190a95abe3c315b3d3c","_from":".","_npmVersion":"1.4.21","_npmUser":{"name":"rreverser","email":"me@rreverser.com"},"dist":{"shasum":"0a32e1dd73f9947d13838190a95abe3c315b3d3c","tarball":"https://registry.npmjs.org/acorn-jsx/-/acorn-jsx-0.7.1-2.tgz"},"directories":{}},"0.7.1-3":{"name":"acorn-jsx","description":"Alternative React JSX parser","main":"acorn.js","version":"0.7.1-3","maintainers":[{"name":"rreverser","email":"me@rreverser.com"}],"repository":{"type":"git","url":"git://github.com/RReverser/acorn-jsx"},"licenses":[{"type":"MIT","url":"http://marijnhaverbeke.nl/acorn/LICENSE"}],"scripts":{"test":"node test/run.js"},"bin":{"acorn-jsx":"./bin/acorn"},"devDependencies":{"regenerate":"~0.6.2","unicode-7.0.0":"~0.1.5"},"contributors":[{"name":"List of Acorn contributors. Updated before every release."},{"name":"Alistair Braidwood"},{"name":"Aparajita Fishman"},{"name":"Arian Stolwijk"},{"name":"Artem Govorov"},{"name":"Brandon Mills"},{"name":"Charles Hughes"},{"name":"Conrad Irwin"},{"name":"David Bonnet"},{"name":"impinball"},{"name":"Ingvar Stepanyan"},{"name":"Jiaxing Wang"},{"name":"Johannes Herr"},{"name":"Jürg Lehni"},{"name":"keeyipchan"},{"name":"krator"},{"name":"Marijn Haverbeke"},{"name":"Martin Carlberg"},{"name":"Mathias Bynens"},{"name":"Mathieu 'p01' Henri"},{"name":"Mihai Bazon"},{"name":"Oskar Schöldström"},{"name":"Paul Harper"},{"name":"Peter Rust"},{"name":"PlNG"},{"name":"zsjforcn"}],"bugs":{"url":"https://github.com/RReverser/acorn-jsx/issues"},"homepage":"https://github.com/RReverser/acorn-jsx","_id":"acorn-jsx@0.7.1-3","_shasum":"2fe9af5aa7eed1a621c4f0ffd736b6a94aba94a4","_from":".","_npmVersion":"1.4.9","_npmUser":{"name":"rreverser","email":"me@rreverser.com"},"dist":{"shasum":"2fe9af5aa7eed1a621c4f0ffd736b6a94aba94a4","tarball":"https://registry.npmjs.org/acorn-jsx/-/acorn-jsx-0.7.1-3.tgz"},"directories":{}},"0.9.1-1":{"name":"acorn-jsx","description":"Alternative React JSX parser","main":"acorn.js","version":"0.9.1-1","maintainers":[{"name":"rreverser","email":"me@rreverser.com"}],"repository":{"type":"git","url":"https://github.com/RReverser/acorn-jsx"},"licenses":[{"type":"MIT","url":"http://marijnhaverbeke.nl/acorn/LICENSE"}],"scripts":{"test":"node test/run.js"},"bin":{"acorn-jsx":"./bin/acorn"},"devDependencies":{"regenerate":"~0.6.2","unicode-7.0.0":"~0.1.5"},"contributors":[{"name":"List of Acorn contributors. Updated before every release."},{"name":"Alistair Braidwood"},{"name":"Aparajita Fishman"},{"name":"Arian Stolwijk"},{"name":"Artem Govorov"},{"name":"Brandon Mills"},{"name":"Charles Hughes"},{"name":"Conrad Irwin"},{"name":"David Bonnet"},{"name":"impinball"},{"name":"Ingvar Stepanyan"},{"name":"Jiaxing Wang"},{"name":"Johannes Herr"},{"name":"Jürg Lehni"},{"name":"keeyipchan"},{"name":"krator"},{"name":"Marijn Haverbeke"},{"name":"Martin Carlberg"},{"name":"Mathias Bynens"},{"name":"Mathieu 'p01' Henri"},{"name":"Max Schaefer"},{"name":"Mihai Bazon"},{"name":"Oskar Schöldström"},{"name":"Paul Harper"},{"name":"Peter Rust"},{"name":"PlNG"},{"name":"r-e-d"},{"name":"zsjforcn"}],"gitHead":"d4372f56d7e7f434577d4e35ceef1ee1bc4b75c5","bugs":{"url":"https://github.com/RReverser/acorn-jsx/issues"},"homepage":"https://github.com/RReverser/acorn-jsx","_id":"acorn-jsx@0.9.1-1","_shasum":"fa04753cd8453de76e0c15877aedfd2235c47e25","_from":".","_npmVersion":"1.4.28","_npmUser":{"name":"rreverser","email":"me@rreverser.com"},"dist":{"shasum":"fa04753cd8453de76e0c15877aedfd2235c47e25","tarball":"https://registry.npmjs.org/acorn-jsx/-/acorn-jsx-0.9.1-1.tgz"},"directories":{}},"0.9.1-2":{"name":"acorn-jsx","description":"Alternative React JSX parser","main":"acorn.js","version":"0.9.1-2","maintainers":[{"name":"rreverser","email":"me@rreverser.com"}],"repository":{"type":"git","url":"https://github.com/RReverser/acorn-jsx"},"licenses":[{"type":"MIT","url":"http://marijnhaverbeke.nl/acorn/LICENSE"}],"scripts":{"test":"node test/run.js"},"bin":{"acorn-jsx":"./bin/acorn"},"devDependencies":{"regenerate":"~0.6.2","unicode-7.0.0":"~0.1.5"},"contributors":[{"name":"List of Acorn contributors. Updated before every release."},{"name":"Alistair Braidwood"},{"name":"Aparajita Fishman"},{"name":"Arian Stolwijk"},{"name":"Artem Govorov"},{"name":"Brandon Mills"},{"name":"Charles Hughes"},{"name":"Conrad Irwin"},{"name":"David Bonnet"},{"name":"impinball"},{"name":"Ingvar Stepanyan"},{"name":"Jiaxing Wang"},{"name":"Johannes Herr"},{"name":"Jürg Lehni"},{"name":"keeyipchan"},{"name":"krator"},{"name":"Marijn Haverbeke"},{"name":"Martin Carlberg"},{"name":"Mathias Bynens"},{"name":"Mathieu 'p01' Henri"},{"name":"Max Schaefer"},{"name":"Mihai Bazon"},{"name":"Oskar Schöldström"},{"name":"Paul Harper"},{"name":"Peter Rust"},{"name":"PlNG"},{"name":"r-e-d"},{"name":"zsjforcn"}],"gitHead":"ef2abffb21a1fd01c32560a3a5e8c5ba313c6ae6","bugs":{"url":"https://github.com/RReverser/acorn-jsx/issues"},"homepage":"https://github.com/RReverser/acorn-jsx","_id":"acorn-jsx@0.9.1-2","_shasum":"6ea730b440cc0b79dc9c2fd65360e88fc821733d","_from":".","_npmVersion":"1.4.28","_npmUser":{"name":"rreverser","email":"me@rreverser.com"},"dist":{"shasum":"6ea730b440cc0b79dc9c2fd65360e88fc821733d","tarball":"https://registry.npmjs.org/acorn-jsx/-/acorn-jsx-0.9.1-2.tgz"},"directories":{}},"0.9.1-3":{"name":"acorn-jsx","description":"Alternative React JSX parser","main":"acorn.js","version":"0.9.1-3","maintainers":[{"name":"rreverser","email":"me@rreverser.com"}],"repository":{"type":"git","url":"https://github.com/RReverser/acorn-jsx"},"licenses":[{"type":"MIT","url":"http://marijnhaverbeke.nl/acorn/LICENSE"}],"scripts":{"test":"node test/run.js"},"bin":{"acorn-jsx":"./bin/acorn"},"devDependencies":{"regenerate":"~0.6.2","unicode-7.0.0":"~0.1.5"},"contributors":[{"name":"List of Acorn contributors. Updated before every release."},{"name":"Alistair Braidwood"},{"name":"Aparajita Fishman"},{"name":"Arian Stolwijk"},{"name":"Artem Govorov"},{"name":"Brandon Mills"},{"name":"Charles Hughes"},{"name":"Conrad Irwin"},{"name":"David Bonnet"},{"name":"impinball"},{"name":"Ingvar Stepanyan"},{"name":"Jiaxing Wang"},{"name":"Johannes Herr"},{"name":"Jürg Lehni"},{"name":"keeyipchan"},{"name":"krator"},{"name":"Marijn Haverbeke"},{"name":"Martin Carlberg"},{"name":"Mathias Bynens"},{"name":"Mathieu 'p01' Henri"},{"name":"Max Schaefer"},{"name":"Mihai Bazon"},{"name":"Oskar Schöldström"},{"name":"Paul Harper"},{"name":"Peter Rust"},{"name":"PlNG"},{"name":"r-e-d"},{"name":"zsjforcn"}],"gitHead":"55f339eb2df3b0f4c39aac6505eb912b02e022a9","bugs":{"url":"https://github.com/RReverser/acorn-jsx/issues"},"homepage":"https://github.com/RReverser/acorn-jsx","_id":"acorn-jsx@0.9.1-3","_shasum":"ff16f2ed2afd0613ed1165fc019e457d104ccbbd","_from":".","_npmVersion":"1.4.28","_npmUser":{"name":"rreverser","email":"me@rreverser.com"},"dist":{"shasum":"ff16f2ed2afd0613ed1165fc019e457d104ccbbd","tarball":"https://registry.npmjs.org/acorn-jsx/-/acorn-jsx-0.9.1-3.tgz"},"directories":{}},"0.9.1-4":{"name":"acorn-jsx","description":"Alternative React JSX parser","main":"acorn.js","version":"0.9.1-4","maintainers":[{"name":"rreverser","email":"me@rreverser.com"}],"repository":{"type":"git","url":"https://github.com/RReverser/acorn-jsx"},"licenses":[{"type":"MIT","url":"http://marijnhaverbeke.nl/acorn/LICENSE"}],"scripts":{"test":"node test/run.js"},"bin":{"acorn-jsx":"./bin/acorn"},"devDependencies":{"regenerate":"~0.6.2","unicode-7.0.0":"~0.1.5"},"contributors":[{"name":"List of Acorn contributors. Updated before every release."},{"name":"Alistair Braidwood"},{"name":"Aparajita Fishman"},{"name":"Arian Stolwijk"},{"name":"Artem Govorov"},{"name":"Brandon Mills"},{"name":"Charles Hughes"},{"name":"Conrad Irwin"},{"name":"David Bonnet"},{"name":"impinball"},{"name":"Ingvar Stepanyan"},{"name":"Jiaxing Wang"},{"name":"Johannes Herr"},{"name":"Jürg Lehni"},{"name":"keeyipchan"},{"name":"krator"},{"name":"Marijn Haverbeke"},{"name":"Martin Carlberg"},{"name":"Mathias Bynens"},{"name":"Mathieu 'p01' Henri"},{"name":"Max Schaefer"},{"name":"Mihai Bazon"},{"name":"Oskar Schöldström"},{"name":"Paul Harper"},{"name":"Peter Rust"},{"name":"PlNG"},{"name":"r-e-d"},{"name":"zsjforcn"}],"gitHead":"333628294ed3d1071c2c88971536fa2641c92534","bugs":{"url":"https://github.com/RReverser/acorn-jsx/issues"},"homepage":"https://github.com/RReverser/acorn-jsx","_id":"acorn-jsx@0.9.1-4","_shasum":"ef1c94c5521660418285825c59063089c4d1fead","_from":".","_npmVersion":"1.4.28","_npmUser":{"name":"rreverser","email":"me@rreverser.com"},"dist":{"shasum":"ef1c94c5521660418285825c59063089c4d1fead","tarball":"https://registry.npmjs.org/acorn-jsx/-/acorn-jsx-0.9.1-4.tgz"},"directories":{}},"0.9.1-5":{"name":"acorn-jsx","description":"Alternative React JSX parser","main":"acorn.js","version":"0.9.1-5","maintainers":[{"name":"rreverser","email":"me@rreverser.com"}],"repository":{"type":"git","url":"https://github.com/RReverser/acorn-jsx"},"licenses":[{"type":"MIT","url":"http://marijnhaverbeke.nl/acorn/LICENSE"}],"scripts":{"test":"node test/run.js"},"bin":{"acorn-jsx":"./bin/acorn"},"devDependencies":{"regenerate":"~0.6.2","unicode-7.0.0":"~0.1.5"},"contributors":[{"name":"List of Acorn contributors. Updated before every release."},{"name":"Alistair Braidwood"},{"name":"Aparajita Fishman"},{"name":"Arian Stolwijk"},{"name":"Artem Govorov"},{"name":"Brandon Mills"},{"name":"Charles Hughes"},{"name":"Conrad Irwin"},{"name":"David Bonnet"},{"name":"impinball"},{"name":"Ingvar Stepanyan"},{"name":"Jiaxing Wang"},{"name":"Johannes Herr"},{"name":"Jürg Lehni"},{"name":"keeyipchan"},{"name":"krator"},{"name":"Marijn Haverbeke"},{"name":"Martin Carlberg"},{"name":"Mathias Bynens"},{"name":"Mathieu 'p01' Henri"},{"name":"Max Schaefer"},{"name":"Mihai Bazon"},{"name":"Oskar Schöldström"},{"name":"Paul Harper"},{"name":"Peter Rust"},{"name":"PlNG"},{"name":"r-e-d"},{"name":"zsjforcn"}],"gitHead":"1ad4ce2048133e21d906d8c76954aa7c837796d2","bugs":{"url":"https://github.com/RReverser/acorn-jsx/issues"},"homepage":"https://github.com/RReverser/acorn-jsx","_id":"acorn-jsx@0.9.1-5","_shasum":"589c70e5f829385aae9b866f237ca62c7d5a98ac","_from":".","_npmVersion":"1.4.28","_npmUser":{"name":"rreverser","email":"me@rreverser.com"},"dist":{"shasum":"589c70e5f829385aae9b866f237ca62c7d5a98ac","tarball":"https://registry.npmjs.org/acorn-jsx/-/acorn-jsx-0.9.1-5.tgz"},"directories":{}},"0.9.1-6":{"name":"acorn-jsx","description":"Alternative React JSX parser","main":"acorn.js","version":"0.9.1-6","maintainers":[{"name":"rreverser","email":"me@rreverser.com"}],"repository":{"type":"git","url":"https://github.com/RReverser/acorn-jsx"},"licenses":[{"type":"MIT","url":"http://marijnhaverbeke.nl/acorn/LICENSE"}],"scripts":{"test":"node test/run.js"},"bin":{"acorn-jsx":"./bin/acorn"},"devDependencies":{"regenerate":"~0.6.2","unicode-7.0.0":"~0.1.5"},"contributors":[{"name":"List of Acorn contributors. Updated before every release."},{"name":"Alistair Braidwood"},{"name":"Aparajita Fishman"},{"name":"Arian Stolwijk"},{"name":"Artem Govorov"},{"name":"Brandon Mills"},{"name":"Charles Hughes"},{"name":"Conrad Irwin"},{"name":"David Bonnet"},{"name":"impinball"},{"name":"Ingvar Stepanyan"},{"name":"Jiaxing Wang"},{"name":"Johannes Herr"},{"name":"Jürg Lehni"},{"name":"keeyipchan"},{"name":"krator"},{"name":"Marijn Haverbeke"},{"name":"Martin Carlberg"},{"name":"Mathias Bynens"},{"name":"Mathieu 'p01' Henri"},{"name":"Max Schaefer"},{"name":"Mihai Bazon"},{"name":"Oskar Schöldström"},{"name":"Paul Harper"},{"name":"Peter Rust"},{"name":"PlNG"},{"name":"r-e-d"},{"name":"zsjforcn"}],"gitHead":"de1ab73ae9aa39b37c54d531872eb2d11af9e80f","bugs":{"url":"https://github.com/RReverser/acorn-jsx/issues"},"homepage":"https://github.com/RReverser/acorn-jsx","_id":"acorn-jsx@0.9.1-6","_shasum":"5a328b43f8450e5800990a210f39680464165f4b","_from":".","_npmVersion":"1.4.28","_npmUser":{"name":"rreverser","email":"me@rreverser.com"},"dist":{"shasum":"5a328b43f8450e5800990a210f39680464165f4b","tarball":"https://registry.npmjs.org/acorn-jsx/-/acorn-jsx-0.9.1-6.tgz"},"directories":{}},"0.9.1-7":{"name":"acorn-jsx","description":"Alternative React JSX parser","main":"acorn.js","version":"0.9.1-7","maintainers":[{"name":"rreverser","email":"me@rreverser.com"}],"repository":{"type":"git","url":"https://github.com/RReverser/acorn-jsx"},"licenses":[{"type":"MIT","url":"http://marijnhaverbeke.nl/acorn/LICENSE"}],"scripts":{"test":"node test/run.js"},"bin":{"acorn-jsx":"./bin/acorn"},"devDependencies":{"regenerate":"~0.6.2","unicode-7.0.0":"~0.1.5"},"contributors":[{"name":"List of Acorn contributors. Updated before every release."},{"name":"Alistair Braidwood"},{"name":"Aparajita Fishman"},{"name":"Arian Stolwijk"},{"name":"Artem Govorov"},{"name":"Brandon Mills"},{"name":"Charles Hughes"},{"name":"Conrad Irwin"},{"name":"David Bonnet"},{"name":"impinball"},{"name":"Ingvar Stepanyan"},{"name":"Jiaxing Wang"},{"name":"Johannes Herr"},{"name":"Jürg Lehni"},{"name":"keeyipchan"},{"name":"krator"},{"name":"Marijn Haverbeke"},{"name":"Martin Carlberg"},{"name":"Mathias Bynens"},{"name":"Mathieu 'p01' Henri"},{"name":"Max Schaefer"},{"name":"Mihai Bazon"},{"name":"Oskar Schöldström"},{"name":"Paul Harper"},{"name":"Peter Rust"},{"name":"PlNG"},{"name":"r-e-d"},{"name":"zsjforcn"}],"gitHead":"529bbe8b93ecac3f3850afdccc745fac624c573a","bugs":{"url":"https://github.com/RReverser/acorn-jsx/issues"},"homepage":"https://github.com/RReverser/acorn-jsx","_id":"acorn-jsx@0.9.1-7","_shasum":"e045f7de8624610130b75b36502661c015b987c0","_from":".","_npmVersion":"1.4.28","_npmUser":{"name":"rreverser","email":"me@rreverser.com"},"dist":{"shasum":"e045f7de8624610130b75b36502661c015b987c0","tarball":"https://registry.npmjs.org/acorn-jsx/-/acorn-jsx-0.9.1-7.tgz"},"directories":{}},"0.9.1-8":{"name":"acorn-jsx","description":"Alternative React JSX parser","main":"acorn.js","version":"0.9.1-8","maintainers":[{"name":"rreverser","email":"me@rreverser.com"}],"repository":{"type":"git","url":"https://github.com/RReverser/acorn-jsx"},"licenses":[{"type":"MIT","url":"http://marijnhaverbeke.nl/acorn/LICENSE"}],"scripts":{"test":"node test/run.js"},"bin":{"acorn-jsx":"./bin/acorn"},"devDependencies":{"regenerate":"~0.6.2","unicode-7.0.0":"~0.1.5"},"contributors":[{"name":"List of Acorn contributors. Updated before every release."},{"name":"Alistair Braidwood"},{"name":"Aparajita Fishman"},{"name":"Arian Stolwijk"},{"name":"Artem Govorov"},{"name":"Brandon Mills"},{"name":"Charles Hughes"},{"name":"Conrad Irwin"},{"name":"David Bonnet"},{"name":"impinball"},{"name":"Ingvar Stepanyan"},{"name":"Jiaxing Wang"},{"name":"Johannes Herr"},{"name":"Jürg Lehni"},{"name":"keeyipchan"},{"name":"krator"},{"name":"Marijn Haverbeke"},{"name":"Martin Carlberg"},{"name":"Mathias Bynens"},{"name":"Mathieu 'p01' Henri"},{"name":"Max Schaefer"},{"name":"Mihai Bazon"},{"name":"Oskar Schöldström"},{"name":"Paul Harper"},{"name":"Peter Rust"},{"name":"PlNG"},{"name":"r-e-d"},{"name":"zsjforcn"}],"gitHead":"2378bc2cf9f235eea314afc340302bac3554359b","bugs":{"url":"https://github.com/RReverser/acorn-jsx/issues"},"homepage":"https://github.com/RReverser/acorn-jsx","_id":"acorn-jsx@0.9.1-8","_shasum":"b855bfb1c0b6f237ec48cf0bb1216d71659c698a","_from":".","_npmVersion":"1.4.28","_npmUser":{"name":"rreverser","email":"me@rreverser.com"},"dist":{"shasum":"b855bfb1c0b6f237ec48cf0bb1216d71659c698a","tarball":"https://registry.npmjs.org/acorn-jsx/-/acorn-jsx-0.9.1-8.tgz"},"directories":{}},"0.11.1-1":{"name":"acorn-jsx","description":"Alternative, faster React.js JSX parser","homepage":"https://github.com/RReverser/acorn-jsx","main":"acorn.js","version":"0.11.1-1","engines":{"node":">=0.4.0"},"maintainers":[{"name":"rreverser","email":"me@rreverser.com"}],"repository":{"type":"git","url":"https://github.com/RReverser/acorn-jsx"},"licenses":[{"type":"MIT","url":"https://raw.githubusercontent.com/RReverser/acorn-jsx/master/LICENSE"}],"scripts":{"test":"node test/run.js","prepublish":"node bin/without_eval > acorn_csp.js"},"bin":{"acorn":"./bin/acorn"},"devDependencies":{"regenerate":"~0.6.2","unicode-7.0.0":"~0.1.5"},"contributors":[{"name":"List of Acorn contributors. Updated before every release."},{"name":"Alistair Braidwood"},{"name":"Aparajita Fishman"},{"name":"Arian Stolwijk"},{"name":"Artem Govorov"},{"name":"Brandon Mills"},{"name":"Charles Hughes"},{"name":"Conrad Irwin"},{"name":"David Bonnet"},{"name":"impinball"},{"name":"Ingvar Stepanyan"},{"name":"Jiaxing Wang"},{"name":"Johannes Herr"},{"name":"Jürg Lehni"},{"name":"keeyipchan"},{"name":"krator"},{"name":"Marijn Haverbeke"},{"name":"Martin Carlberg"},{"name":"Mathias Bynens"},{"name":"Mathieu 'p01' Henri"},{"name":"Max Schaefer"},{"name":"Mihai Bazon"},{"name":"Mike Rennie"},{"name":"Oskar Schöldström"},{"name":"Paul Harper"},{"name":"Peter Rust"},{"name":"PlNG"},{"name":"r-e-d"},{"name":"Rich Harris"},{"name":"Sebastian McKenzie"},{"name":"zsjforcn"}],"gitHead":"de23a869ae266b566b0f052b0a76b8acdac35c95","bugs":{"url":"https://github.com/RReverser/acorn-jsx/issues"},"_id":"acorn-jsx@0.11.1-1","_shasum":"026f45bce2145e8091099622a407e95d74dd5a03","_from":".","_npmVersion":"1.4.28","_npmUser":{"name":"rreverser","email":"me@rreverser.com"},"dist":{"shasum":"026f45bce2145e8091099622a407e95d74dd5a03","tarball":"https://registry.npmjs.org/acorn-jsx/-/acorn-jsx-0.11.1-1.tgz"},"directories":{}},"0.11.1-2":{"name":"acorn-jsx","description":"Alternative, faster React.js JSX parser","homepage":"https://github.com/RReverser/acorn-jsx","main":"acorn.js","version":"0.11.1-2","engines":{"node":">=0.4.0"},"maintainers":[{"name":"rreverser","email":"me@rreverser.com"}],"repository":{"type":"git","url":"https://github.com/RReverser/acorn-jsx"},"licenses":[{"type":"MIT","url":"https://raw.githubusercontent.com/RReverser/acorn-jsx/master/LICENSE"}],"scripts":{"test":"node test/run.js","prepublish":"node bin/without_eval > acorn_csp.js"},"bin":{"acorn":"./bin/acorn"},"devDependencies":{"regenerate":"~0.6.2","unicode-7.0.0":"~0.1.5"},"contributors":[{"name":"List of Acorn contributors. Updated before every release."},{"name":"Alistair Braidwood"},{"name":"Aparajita Fishman"},{"name":"Arian Stolwijk"},{"name":"Artem Govorov"},{"name":"Brandon Mills"},{"name":"Charles Hughes"},{"name":"Conrad Irwin"},{"name":"David Bonnet"},{"name":"impinball"},{"name":"Ingvar Stepanyan"},{"name":"Jiaxing Wang"},{"name":"Johannes Herr"},{"name":"Jürg Lehni"},{"name":"keeyipchan"},{"name":"krator"},{"name":"Marijn Haverbeke"},{"name":"Martin Carlberg"},{"name":"Mathias Bynens"},{"name":"Mathieu 'p01' Henri"},{"name":"Max Schaefer"},{"name":"Mihai Bazon"},{"name":"Mike Rennie"},{"name":"Oskar Schöldström"},{"name":"Paul Harper"},{"name":"Peter Rust"},{"name":"PlNG"},{"name":"r-e-d"},{"name":"Rich Harris"},{"name":"Sebastian McKenzie"},{"name":"zsjforcn"}],"gitHead":"401e6c4f30d6ef5e325fffeffbb35f2afa8c719c","bugs":{"url":"https://github.com/RReverser/acorn-jsx/issues"},"_id":"acorn-jsx@0.11.1-2","_shasum":"bc6d6160a9a0ba8b5822cedd854c59752286abc8","_from":".","_npmVersion":"1.4.28","_npmUser":{"name":"rreverser","email":"me@rreverser.com"},"dist":{"shasum":"bc6d6160a9a0ba8b5822cedd854c59752286abc8","tarball":"https://registry.npmjs.org/acorn-jsx/-/acorn-jsx-0.11.1-2.tgz"},"directories":{}},"0.11.1-3":{"name":"acorn-jsx","description":"Alternative, faster React.js JSX parser","homepage":"https://github.com/RReverser/acorn-jsx","main":"acorn.js","version":"0.11.1-3","engines":{"node":">=0.4.0"},"maintainers":[{"name":"rreverser","email":"me@rreverser.com"}],"repository":{"type":"git","url":"https://github.com/RReverser/acorn-jsx"},"licenses":[{"type":"MIT","url":"https://raw.githubusercontent.com/RReverser/acorn-jsx/master/LICENSE"}],"scripts":{"test":"node test/run.js","prepublish":"node bin/without_eval > acorn_csp.js"},"bin":{"acorn":"./bin/acorn"},"devDependencies":{"regenerate":"~0.6.2","unicode-7.0.0":"~0.1.5"},"contributors":[{"name":"List of Acorn contributors. Updated before every release."},{"name":"Alistair Braidwood"},{"name":"Aparajita Fishman"},{"name":"Arian Stolwijk"},{"name":"Artem Govorov"},{"name":"Brandon Mills"},{"name":"Charles Hughes"},{"name":"Conrad Irwin"},{"name":"David Bonnet"},{"name":"impinball"},{"name":"Ingvar Stepanyan"},{"name":"Jiaxing Wang"},{"name":"Johannes Herr"},{"name":"Jürg Lehni"},{"name":"keeyipchan"},{"name":"krator"},{"name":"Marijn Haverbeke"},{"name":"Martin Carlberg"},{"name":"Mathias Bynens"},{"name":"Mathieu 'p01' Henri"},{"name":"Max Schaefer"},{"name":"Mihai Bazon"},{"name":"Mike Rennie"},{"name":"Oskar Schöldström"},{"name":"Paul Harper"},{"name":"Peter Rust"},{"name":"PlNG"},{"name":"r-e-d"},{"name":"Rich Harris"},{"name":"Sebastian McKenzie"},{"name":"zsjforcn"}],"gitHead":"55ae051c81917a81dc8e46beb7026f151ed9e41e","bugs":{"url":"https://github.com/RReverser/acorn-jsx/issues"},"_id":"acorn-jsx@0.11.1-3","_shasum":"d7a6ad6fa6db809bb64c67bdb717752e6f722825","_from":".","_npmVersion":"1.4.28","_npmUser":{"name":"rreverser","email":"me@rreverser.com"},"dist":{"shasum":"d7a6ad6fa6db809bb64c67bdb717752e6f722825","tarball":"https://registry.npmjs.org/acorn-jsx/-/acorn-jsx-0.11.1-3.tgz"},"directories":{}},"0.11.1-4":{"name":"acorn-jsx","description":"Alternative, faster React.js JSX parser","homepage":"https://github.com/RReverser/acorn-jsx","main":"acorn.js","version":"0.11.1-4","engines":{"node":">=0.4.0"},"maintainers":[{"name":"rreverser","email":"me@rreverser.com"}],"repository":{"type":"git","url":"https://github.com/RReverser/acorn-jsx"},"licenses":[{"type":"MIT","url":"https://raw.githubusercontent.com/RReverser/acorn-jsx/master/LICENSE"}],"scripts":{"test":"node test/run.js","prepublish":"node bin/without_eval > acorn_csp.js"},"bin":{"acorn":"./bin/acorn"},"devDependencies":{"regenerate":"~0.6.2","unicode-7.0.0":"~0.1.5"},"contributors":[{"name":"List of Acorn contributors. Updated before every release."},{"name":"Alistair Braidwood"},{"name":"Aparajita Fishman"},{"name":"Arian Stolwijk"},{"name":"Artem Govorov"},{"name":"Brandon Mills"},{"name":"Charles Hughes"},{"name":"Conrad Irwin"},{"name":"David Bonnet"},{"name":"impinball"},{"name":"Ingvar Stepanyan"},{"name":"Jiaxing Wang"},{"name":"Johannes Herr"},{"name":"Jürg Lehni"},{"name":"keeyipchan"},{"name":"krator"},{"name":"Marijn Haverbeke"},{"name":"Martin Carlberg"},{"name":"Mathias Bynens"},{"name":"Mathieu 'p01' Henri"},{"name":"Max Schaefer"},{"name":"Mihai Bazon"},{"name":"Mike Rennie"},{"name":"Oskar Schöldström"},{"name":"Paul Harper"},{"name":"Peter Rust"},{"name":"PlNG"},{"name":"r-e-d"},{"name":"Rich Harris"},{"name":"Sebastian McKenzie"},{"name":"zsjforcn"}],"gitHead":"3cbad64c1eef88d28564ceca6cb991a8e0248406","bugs":{"url":"https://github.com/RReverser/acorn-jsx/issues"},"_id":"acorn-jsx@0.11.1-4","_shasum":"1b41ad1b5e9b8134cc8c874bbbe6048de950faa8","_from":".","_npmVersion":"1.4.28","_npmUser":{"name":"rreverser","email":"me@rreverser.com"},"dist":{"shasum":"1b41ad1b5e9b8134cc8c874bbbe6048de950faa8","tarball":"https://registry.npmjs.org/acorn-jsx/-/acorn-jsx-0.11.1-4.tgz"},"directories":{}},"1.0.0":{"name":"acorn-jsx","description":"Alternative, faster React.js JSX parser","homepage":"https://github.com/RReverser/acorn-jsx","main":"acorn.js","version":"1.0.0","maintainers":[{"name":"rreverser","email":"me@rreverser.com"}],"repository":{"type":"git","url":"https://github.com/RReverser/acorn-jsx"},"licenses":[{"type":"MIT","url":"https://raw.githubusercontent.com/RReverser/acorn-jsx/master/LICENSE"}],"scripts":{"test":"node test/run.js"},"dependencies":{"acorn":"^1.0.3"},"devDependencies":{"chai":"^2.2.0","mocha":"^2.2.4"},"gitHead":"bb0049107bae267c23161e77b36d5faea196ff67","bugs":{"url":"https://github.com/RReverser/acorn-jsx/issues"},"_id":"acorn-jsx@1.0.0","_shasum":"99b0f8f05b2f09c066ce43d7ed3632c3d3fc4e19","_from":".","_npmVersion":"2.5.1","_nodeVersion":"0.12.0","_npmUser":{"name":"rreverser","email":"me@rreverser.com"},"dist":{"shasum":"99b0f8f05b2f09c066ce43d7ed3632c3d3fc4e19","tarball":"https://registry.npmjs.org/acorn-jsx/-/acorn-jsx-1.0.0.tgz"},"directories":{}},"1.0.1":{"name":"acorn-jsx","description":"Alternative, faster React.js JSX parser","homepage":"https://github.com/RReverser/acorn-jsx","main":"acorn.js","version":"1.0.1","maintainers":[{"name":"rreverser","email":"me@rreverser.com"}],"repository":{"type":"git","url":"https://github.com/RReverser/acorn-jsx"},"licenses":[{"type":"MIT","url":"https://raw.githubusercontent.com/RReverser/acorn-jsx/master/LICENSE"}],"scripts":{"test":"node test/run.js"},"dependencies":{"acorn":"^1.0.3"},"devDependencies":{"chai":"^2.2.0","mocha":"^2.2.4"},"gitHead":"63118d26a3f9641ffe610719edce6c2abb8919dd","bugs":{"url":"https://github.com/RReverser/acorn-jsx/issues"},"_id":"acorn-jsx@1.0.1","_shasum":"e6feb4f7d8b131f1f450ea98601927a03688dc3e","_from":".","_npmVersion":"2.5.1","_nodeVersion":"0.12.0","_npmUser":{"name":"rreverser","email":"me@rreverser.com"},"dist":{"shasum":"e6feb4f7d8b131f1f450ea98601927a03688dc3e","tarball":"https://registry.npmjs.org/acorn-jsx/-/acorn-jsx-1.0.1.tgz"},"directories":{}},"1.0.2":{"name":"acorn-jsx","description":"Alternative, faster React.js JSX parser","homepage":"https://github.com/RReverser/acorn-jsx","main":"acorn.js","version":"1.0.2","maintainers":[{"name":"rreverser","email":"me@rreverser.com"}],"repository":{"type":"git","url":"git+https://github.com/RReverser/acorn-jsx.git"},"licenses":[{"type":"MIT","url":"https://raw.githubusercontent.com/RReverser/acorn-jsx/master/LICENSE"}],"scripts":{"test":"node test/run.js"},"dependencies":{"acorn":"^1.0.3"},"devDependencies":{"chai":"^2.2.0","mocha":"^2.2.4"},"gitHead":"393424eb8ce95bf77e72e3041847fc9ad2445bac","bugs":{"url":"https://github.com/RReverser/acorn-jsx/issues"},"_id":"acorn-jsx@1.0.2","_shasum":"a71c5b4cdaf165663b119ccbba4b87a7865dd02d","_from":".","_npmVersion":"2.10.0","_nodeVersion":"0.12.0","_npmUser":{"name":"rreverser","email":"me@rreverser.com"},"dist":{"shasum":"a71c5b4cdaf165663b119ccbba4b87a7865dd02d","tarball":"https://registry.npmjs.org/acorn-jsx/-/acorn-jsx-1.0.2.tgz"},"directories":{}},"1.0.3":{"name":"acorn-jsx","description":"Alternative, faster React.js JSX parser","homepage":"https://github.com/RReverser/acorn-jsx","main":"acorn.js","version":"1.0.3","maintainers":[{"name":"rreverser","email":"me@rreverser.com"}],"repository":{"type":"git","url":"git+https://github.com/RReverser/acorn-jsx.git"},"licenses":[{"type":"MIT","url":"https://raw.githubusercontent.com/RReverser/acorn-jsx/master/LICENSE"}],"scripts":{"test":"node test/run.js"},"dependencies":{"acorn":"^1.0.3"},"devDependencies":{"chai":"^2.2.0","mocha":"^2.2.4"},"gitHead":"a4395c3f83528f8abe67e6355083e74cc3508755","bugs":{"url":"https://github.com/RReverser/acorn-jsx/issues"},"_id":"acorn-jsx@1.0.3","_shasum":"88bdad2b6141d70c6d2941f161e882da6f16aa7d","_from":".","_npmVersion":"2.10.0","_nodeVersion":"0.12.0","_npmUser":{"name":"rreverser","email":"me@rreverser.com"},"dist":{"shasum":"88bdad2b6141d70c6d2941f161e882da6f16aa7d","tarball":"https://registry.npmjs.org/acorn-jsx/-/acorn-jsx-1.0.3.tgz"},"directories":{}},"2.0.0":{"name":"acorn-jsx","description":"Alternative, faster React.js JSX parser","homepage":"https://github.com/RReverser/acorn-jsx","main":"acorn.js","version":"2.0.0","maintainers":[{"name":"rreverser","email":"me@rreverser.com"}],"repository":{"type":"git","url":"git+https://github.com/RReverser/acorn-jsx.git"},"licenses":[{"type":"MIT","url":"https://raw.githubusercontent.com/RReverser/acorn-jsx/master/LICENSE"}],"scripts":{"test":"node test/run.js"},"dependencies":{"acorn":"^2.0.1"},"devDependencies":{"chai":"^3.0.0","mocha":"^2.2.5"},"gitHead":"72d617472d54ea2ab3843eef533307c9129a95f5","bugs":{"url":"https://github.com/RReverser/acorn-jsx/issues"},"_id":"acorn-jsx@2.0.0","_shasum":"9107057ad4524eb19be95912d406b2c4764e3f17","_from":".","_npmVersion":"2.10.0","_nodeVersion":"0.12.0","_npmUser":{"name":"rreverser","email":"me@rreverser.com"},"dist":{"shasum":"9107057ad4524eb19be95912d406b2c4764e3f17","tarball":"https://registry.npmjs.org/acorn-jsx/-/acorn-jsx-2.0.0.tgz"},"directories":{}},"2.0.1":{"name":"acorn-jsx","description":"Alternative, faster React.js JSX parser","homepage":"https://github.com/RReverser/acorn-jsx","version":"2.0.1","maintainers":[{"name":"rreverser","email":"me@rreverser.com"}],"repository":{"type":"git","url":"git+https://github.com/RReverser/acorn-jsx.git"},"licenses":[{"type":"MIT","url":"https://raw.githubusercontent.com/RReverser/acorn-jsx/master/LICENSE"}],"scripts":{"test":"node test/run.js"},"dependencies":{"acorn":"^2.0.1"},"devDependencies":{"chai":"^3.0.0","mocha":"^2.2.5"},"gitHead":"cdc624d83767518d174a7873054ff9f2984eb83c","bugs":{"url":"https://github.com/RReverser/acorn-jsx/issues"},"_id":"acorn-jsx@2.0.1","_shasum":"0edf9878a5866bca625f52955a1ed9e7d8c5117e","_from":".","_npmVersion":"3.2.2","_nodeVersion":"4.0.0","_npmUser":{"name":"rreverser","email":"me@rreverser.com"},"dist":{"shasum":"0edf9878a5866bca625f52955a1ed9e7d8c5117e","tarball":"https://registry.npmjs.org/acorn-jsx/-/acorn-jsx-2.0.1.tgz"},"directories":{}},"3.0.0":{"name":"acorn-jsx","description":"Alternative, faster React.js JSX parser","homepage":"https://github.com/RReverser/acorn-jsx","version":"3.0.0","maintainers":[{"name":"rreverser","email":"me@rreverser.com"}],"repository":{"type":"git","url":"git+https://github.com/RReverser/acorn-jsx.git"},"license":"MIT","scripts":{"test":"node test/run.js"},"dependencies":{"acorn":"^3.0.4"},"devDependencies":{"chai":"^3.0.0","mocha":"^2.2.5"},"gitHead":"2b52a0d62820ea12bd95c0a07942cb39afffa349","bugs":{"url":"https://github.com/RReverser/acorn-jsx/issues"},"_id":"acorn-jsx@3.0.0","_shasum":"c17ca956693571ca3ea70aed415008116cfbd4ad","_from":".","_npmVersion":"3.6.0","_nodeVersion":"5.7.1","_npmUser":{"name":"rreverser","email":"me@rreverser.com"},"dist":{"shasum":"c17ca956693571ca3ea70aed415008116cfbd4ad","tarball":"https://registry.npmjs.org/acorn-jsx/-/acorn-jsx-3.0.0.tgz"},"_npmOperationalInternal":{"host":"packages-13-west.internal.npmjs.com","tmp":"tmp/acorn-jsx-3.0.0.tgz_1457985965089_0.5892153568565845"},"directories":{}},"3.0.1":{"name":"acorn-jsx","description":"Alternative, faster React.js JSX parser","homepage":"https://github.com/RReverser/acorn-jsx","version":"3.0.1","maintainers":[{"name":"rreverser","email":"me@rreverser.com"}],"repository":{"type":"git","url":"git+https://github.com/RReverser/acorn-jsx.git"},"license":"MIT","scripts":{"test":"node test/run.js"},"dependencies":{"acorn":"^3.0.4"},"devDependencies":{"chai":"^3.0.0","mocha":"^2.2.5"},"gitHead":"05852d8ae9476b7f8a25e417665e2265528d5fb9","bugs":{"url":"https://github.com/RReverser/acorn-jsx/issues"},"_id":"acorn-jsx@3.0.1","_shasum":"afdf9488fb1ecefc8348f6fb22f464e32a58b36b","_from":".","_npmVersion":"3.8.6","_nodeVersion":"6.0.0","_npmUser":{"name":"rreverser","email":"me@rreverser.com"},"dist":{"shasum":"afdf9488fb1ecefc8348f6fb22f464e32a58b36b","tarball":"https://registry.npmjs.org/acorn-jsx/-/acorn-jsx-3.0.1.tgz"},"_npmOperationalInternal":{"host":"packages-12-west.internal.npmjs.com","tmp":"tmp/acorn-jsx-3.0.1.tgz_1462206645285_0.17844340158626437"},"directories":{}}},"readme":"# Acorn-JSX\n\n[![Build Status](https://travis-ci.org/RReverser/acorn-jsx.svg?branch=master)](https://travis-ci.org/RReverser/acorn-jsx)\n[![NPM version](https://img.shields.io/npm/v/acorn-jsx.svg)](https://www.npmjs.org/package/acorn-jsx)\n\nThis is plugin for [Acorn](http://marijnhaverbeke.nl/acorn/) - a tiny, fast JavaScript parser, written completely in JavaScript.\n\nIt was created as an experimental alternative, faster [React.js JSX](http://facebook.github.io/react/docs/jsx-in-depth.html) parser.\n\nAccording to [benchmarks](https://github.com/RReverser/acorn-jsx/blob/master/test/bench.html), Acorn-JSX is 2x faster than official [Esprima-based parser](https://github.com/facebook/esprima) when location tracking is turned on in both (call it \"source maps enabled mode\"). At the same time, it consumes all the ES6+JSX syntax that can be consumed by Esprima-FB (this is proved by [official tests](https://github.com/RReverser/acorn-jsx/blob/master/test/tests-jsx.js)).\n\n**UPDATE [14-Apr-2015]**: Facebook implementation started [deprecation process](https://github.com/facebook/esprima/issues/111) in favor of Acorn + Acorn-JSX + Babel for parsing and transpiling JSX syntax.\n\n## Transpiler\n\nPlease note that this tool only parses source code to JSX AST, which is useful for various language tools and services. If you want to transpile your code to regular ES5-compliant JavaScript with source map, check out the [babel transpiler](https://babeljs.io/) which uses `acorn-jsx` under the hood.\n\n## Usage\n\nYou can use module directly in order to get Acorn instance with plugin installed:\n\n```javascript\nvar acorn = require('acorn-jsx');\n```\n\nOr you can use `inject.js` for injecting plugin into your own version of Acorn like following:\n\n```javascript\nvar acorn = require('acorn-jsx/inject')(require('./custom-acorn'));\n```\n\nThen, use `plugins` option whenever you need to support JSX while parsing:\n\n```javascript\nvar ast = acorn.parse(code, {\n  plugins: { jsx: true }\n});\n```\n\nNote that official spec doesn't support mix of XML namespaces and object-style access in tag names (#27) like in `<namespace:Object.Property />`, so it was deprecated in `acorn-jsx@3.0`. If you still want to opt-in to support of such constructions, you can pass the following option:\n\n```javascript\nvar ast = acorn.parse(code, {\n  plugins: {\n    jsx: { allowNamespacedObjects: true }\n  }\n});\n```\n\nAlso, since most apps use pure React transformer, a new option was introduced that allows to prohibit namespaces completely:\n\n```javascript\nvar ast = acorn.parse(code, {\n  plugins: {\n    jsx: { allowNamespaces: false }\n  }\n});\n```\n\nNote that by default `allowNamespaces` is enabled for spec compliancy.\n\n## License\n\nThis plugin is issued under the [MIT license](./LICENSE).\n","maintainers":[{"name":"rreverser","email":"me@rreverser.com"}],"time":{"modified":"2016-05-02T16:30:47.734Z","created":"2014-07-11T07:44:05.808Z","0.6.1":"2014-07-11T07:44:05.808Z","0.6.1-1":"2014-07-26T23:53:59.156Z","0.6.1-2":"2014-07-27T23:23:52.975Z","0.6.1-3":"2014-07-28T20:51:35.965Z","0.7.1-2":"2014-09-08T21:00:08.329Z","0.7.1-3":"2014-09-17T17:52:56.946Z","0.9.1-1":"2014-10-22T11:10:30.915Z","0.9.1-2":"2014-11-13T17:26:41.665Z","0.9.1-3":"2014-11-15T00:31:33.158Z","0.9.1-4":"2014-11-20T10:24:43.056Z","0.9.1-5":"2014-11-22T09:52:22.611Z","0.9.1-6":"2014-11-28T14:53:01.554Z","0.9.1-7":"2014-12-12T16:48:33.605Z","0.9.1-8":"2015-01-11T21:39:31.034Z","0.11.1-1":"2015-01-22T15:29:32.666Z","0.11.1-2":"2015-01-24T22:36:42.253Z","0.11.1-3":"2015-01-27T14:31:28.250Z","0.11.1-4":"2015-01-27T16:29:17.112Z","1.0.0":"2015-04-30T17:43:16.772Z","1.0.1":"2015-05-06T07:38:40.228Z","1.0.2":"2015-06-07T19:31:54.051Z","1.0.3":"2015-06-18T10:17:12.178Z","1.1.0":"2015-06-18T13:08:11.210Z","2.0.0":"2015-06-18T14:54:18.309Z","2.0.1":"2015-10-15T20:54:51.592Z","3.0.0":"2016-03-14T20:06:07.321Z","3.0.1":"2016-05-02T16:30:47.734Z"},"repository":{"type":"git","url":"git+https://github.com/RReverser/acorn-jsx.git"},"bugs":{"url":"https://github.com/RReverser/acorn-jsx/issues"},"readmeFilename":"README.md","homepage":"https://github.com/RReverser/acorn-jsx","users":{"fattenap":true},"license":"MIT","_attachments":{},"_etag":"\"EIRH3S71K35GTYLZ6R02MYC8O\""}