{"_id":"sb-promisify","_rev":"7-da6d64f3a5517444bf74b2413f9619ec","name":"sb-promisify","description":"Node module for simple promisification","dist-tags":{"latest":"2.0.1"},"versions":{"1.0.0":{"name":"sb-promisify","version":"1.0.0","description":"Node module for simple promisification","main":"lib/index.js","scripts":{"test":"apm test"},"repository":{"type":"git","url":"git+https://github.com/steelbrain/promisify.git"},"keywords":["promisify","es6","promise"],"author":{"name":"steelbrain"},"license":"MIT","bugs":{"url":"https://github.com/steelbrain/promisify/issues"},"homepage":"https://github.com/steelbrain/promisify#readme","gitHead":"a16078564f4246e36f43ea44598b30d013f76e1b","_id":"sb-promisify@1.0.0","_shasum":"961f99171be0fa633a568d42b2789502bd77d431","_from":".","_npmVersion":"3.3.12","_nodeVersion":"5.4.0","_npmUser":{"name":"steelbrain","email":"de.steelbrain@gmail.com"},"dist":{"shasum":"961f99171be0fa633a568d42b2789502bd77d431","tarball":"https://registry.npmjs.org/sb-promisify/-/sb-promisify-1.0.0.tgz"},"maintainers":[{"name":"steelbrain","email":"de.steelbrain@gmail.com"}],"directories":{}},"1.1.0":{"name":"sb-promisify","version":"1.1.0","description":"Node module for simple promisification","main":"lib/index.js","scripts":{"test":"apm test"},"repository":{"type":"git","url":"git+https://github.com/steelbrain/promisify.git"},"keywords":["promisify","es6","promise"],"author":{"name":"steelbrain"},"license":"MIT","bugs":{"url":"https://github.com/steelbrain/promisify/issues"},"homepage":"https://github.com/steelbrain/promisify#readme","gitHead":"f4b3202484e6434766af1f1c1c8ba8ab34ccbaa8","_id":"sb-promisify@1.1.0","_shasum":"f97f6796e1ab01f1f8ef02f78425450cf338b058","_from":".","_npmVersion":"3.3.12","_nodeVersion":"5.4.1","_npmUser":{"name":"steelbrain","email":"de.steelbrain@gmail.com"},"dist":{"shasum":"f97f6796e1ab01f1f8ef02f78425450cf338b058","tarball":"https://registry.npmjs.org/sb-promisify/-/sb-promisify-1.1.0.tgz"},"maintainers":[{"name":"steelbrain","email":"de.steelbrain@gmail.com"}],"_npmOperationalInternal":{"host":"packages-5-east.internal.npmjs.com","tmp":"tmp/sb-promisify-1.1.0.tgz_1454943373888_0.2113209229428321"},"directories":{}},"1.1.1":{"name":"sb-promisify","version":"1.1.1","description":"Node module for simple promisification","main":"lib/index.js","scripts":{"test":"apm test"},"repository":{"type":"git","url":"git+https://github.com/steelbrain/promisify.git"},"keywords":["promisify","es6","promise"],"author":{"name":"steelbrain"},"license":"MIT","bugs":{"url":"https://github.com/steelbrain/promisify/issues"},"homepage":"https://github.com/steelbrain/promisify#readme","gitHead":"fa48c399923a6038dcf7790c9cc3372ff7c3b5c5","_id":"sb-promisify@1.1.1","_shasum":"50f446052519068164ab63a57a1d8d36def5c63d","_from":".","_npmVersion":"3.3.12","_nodeVersion":"5.5.0","_npmUser":{"name":"steelbrain","email":"de.steelbrain@gmail.com"},"dist":{"shasum":"50f446052519068164ab63a57a1d8d36def5c63d","tarball":"https://registry.npmjs.org/sb-promisify/-/sb-promisify-1.1.1.tgz"},"maintainers":[{"name":"steelbrain","email":"de.steelbrain@gmail.com"}],"_npmOperationalInternal":{"host":"packages-9-west.internal.npmjs.com","tmp":"tmp/sb-promisify-1.1.1.tgz_1455191994736_0.323596149450168"},"directories":{}},"1.2.0":{"name":"sb-promisify","version":"1.2.0","description":"Node module for simple promisification","main":"lib/index.js","scripts":{"test":"apm test"},"repository":{"type":"git","url":"git+https://github.com/steelbrain/promisify.git"},"keywords":["promisify","es6","promise"],"author":{"name":"steelbrain"},"license":"MIT","bugs":{"url":"https://github.com/steelbrain/promisify/issues"},"homepage":"https://github.com/steelbrain/promisify#readme","gitHead":"df091449a44e5e8c74354af9add8a9bd52866f77","_id":"sb-promisify@1.2.0","_shasum":"781e0f77e1c50103d61d624a837d5ab8c2cd7341","_from":".","_npmVersion":"3.7.3","_nodeVersion":"5.9.0","_npmUser":{"name":"steelbrain","email":"de.steelbrain@gmail.com"},"dist":{"shasum":"781e0f77e1c50103d61d624a837d5ab8c2cd7341","tarball":"https://registry.npmjs.org/sb-promisify/-/sb-promisify-1.2.0.tgz"},"maintainers":[{"name":"steelbrain","email":"de.steelbrain@gmail.com"}],"_npmOperationalInternal":{"host":"packages-16-east.internal.npmjs.com","tmp":"tmp/sb-promisify-1.2.0.tgz_1458999894895_0.979292755946517"},"directories":{}},"1.3.0":{"name":"sb-promisify","version":"1.3.0","description":"Node module for simple promisification","main":"lib/index.js","scripts":{"test":"apm test","compile":"ucompiler go"},"repository":{"type":"git","url":"git+https://github.com/steelbrain/promisify.git"},"keywords":["promisify","es6","promise"],"author":{"name":"steelbrain"},"license":"MIT","bugs":{"url":"https://github.com/steelbrain/promisify/issues"},"homepage":"https://github.com/steelbrain/promisify#readme","devDependencies":{"babel-preset-steelbrain":"^2.0.1","ucompiler":"^3.1.8","ucompiler-plugin-babel":"^3.1.1"},"gitHead":"25876f6b5e15edb9e44ddc97dde789025aedc5a8","_id":"sb-promisify@1.3.0","_shasum":"3af6f1fa9ffc833f14de86916eefc1f559b1b051","_from":".","_npmVersion":"3.7.3","_nodeVersion":"5.9.0","_npmUser":{"name":"steelbrain","email":"de.steelbrain@gmail.com"},"dist":{"shasum":"3af6f1fa9ffc833f14de86916eefc1f559b1b051","tarball":"https://registry.npmjs.org/sb-promisify/-/sb-promisify-1.3.0.tgz"},"maintainers":[{"name":"steelbrain","email":"de.steelbrain@gmail.com"}],"_npmOperationalInternal":{"host":"packages-16-east.internal.npmjs.com","tmp":"tmp/sb-promisify-1.3.0.tgz_1459313184565_0.3948246203362942"},"directories":{}},"2.0.0":{"name":"sb-promisify","version":"2.0.0","description":"Node module for simple promisification","main":"lib/index.js","scripts":{"test":"(apm test) && (flow check | grep -q '0 errors') && (eslint . )","clean":"rm -rf lib","build":"npm run clean; babel src --out-dir lib","watch":"npm run clean; babel src --out-dir lib --watch"},"repository":{"type":"git","url":"git+https://github.com/steelbrain/promisify.git"},"keywords":["promisify","es6","promise"],"author":{"name":"steelbrain"},"license":"MIT","bugs":{"url":"https://github.com/steelbrain/promisify/issues"},"homepage":"https://github.com/steelbrain/promisify#readme","devDependencies":{"babel-cli":"^6.11.4","babel-preset-steelbrain":"^4.0.2","eslint-config-steelbrain":"^1.0.4","flow-bin":"^0.30.0","jasmine-fix":"^1.0.1"},"gitHead":"d0d8cc87b610ab78b30cbbd3c98f86af4a254c12","_id":"sb-promisify@2.0.0","_shasum":"ca57f50850aadc1ed355f0e8e41e73103da88d68","_from":".","_npmVersion":"3.10.3","_nodeVersion":"6.3.1","_npmUser":{"name":"steelbrain","email":"i@steelbrain.me"},"dist":{"shasum":"ca57f50850aadc1ed355f0e8e41e73103da88d68","tarball":"https://registry.npmjs.org/sb-promisify/-/sb-promisify-2.0.0.tgz"},"maintainers":[{"name":"steelbrain","email":"de.steelbrain@gmail.com"}],"_npmOperationalInternal":{"host":"packages-16-east.internal.npmjs.com","tmp":"tmp/sb-promisify-2.0.0.tgz_1471860843922_0.2724880848545581"},"directories":{}},"2.0.1":{"name":"sb-promisify","version":"2.0.1","description":"Node module for simple promisification","main":"lib/index.js","scripts":{"test":"(apm test) && (flow check | grep -q '0 errors') && (eslint . )","clean":"rm -rf lib","build":"npm run clean; babel src --out-dir lib","watch":"npm run clean; babel src --out-dir lib --watch"},"repository":{"type":"git","url":"git+https://github.com/steelbrain/promisify.git"},"keywords":["promisify","es6","promise"],"author":{"name":"steelbrain"},"license":"MIT","bugs":{"url":"https://github.com/steelbrain/promisify/issues"},"homepage":"https://github.com/steelbrain/promisify#readme","devDependencies":{"babel-cli":"^6.11.4","babel-preset-steelbrain":"^4.0.2","eslint-config-steelbrain":"^1.0.4","flow-bin":"^0.30.0","jasmine-fix":"^1.0.1"},"gitHead":"2490223c2366609fab6d314718ca756b5a3ec924","_id":"sb-promisify@2.0.1","_shasum":"86c6cb4e1780c9b38c6fbe7e7873f8ab9677ce2a","_from":".","_npmVersion":"3.10.3","_nodeVersion":"6.3.1","_npmUser":{"name":"steelbrain","email":"i@steelbrain.me"},"dist":{"shasum":"86c6cb4e1780c9b38c6fbe7e7873f8ab9677ce2a","tarball":"https://registry.npmjs.org/sb-promisify/-/sb-promisify-2.0.1.tgz"},"maintainers":[{"name":"steelbrain","email":"de.steelbrain@gmail.com"}],"_npmOperationalInternal":{"host":"packages-12-west.internal.npmjs.com","tmp":"tmp/sb-promisify-2.0.1.tgz_1472095120613_0.5352629465050995"},"directories":{}}},"readme":"# Promisify\n\nA node module to help you convert callback-style functions to promises\n\n## Installation\n\n```js\nnpm install --save sb-promisify\n```\n\n## API\n\n```js\nfunction promisifyAll(object, throwError = true): Object\nfunction promisify(callback, throwError = true): Function\n\nexport default promisify\nexport { promisify, promisifyAll }\n```\n\n## Example Usage\n\n```js\nimport fs from 'fs'\nimport promisify from 'sb-promisify'\n\nconst readFile = promisify(fs.readFile)\n\nreadFile('/etc/passwd', 'utf8').then(function(contents) {\n  console.log(contents)\n}, function() {\n  console.error('Unable to read file')\n})\n```\n```js\nimport fs from 'fs'\nimport { promisifyAll } from 'sb-promisify'\n\nconst promisedFS = promisifyAll(fs)\n\npromisedFS.readFileAsync('/etc/passwd', 'utf8').then(function(contents) {\n  console.log(contents)\n})\npromisedFS.readFile('/etc/passwd', 'utf8', function(contents) {\n  console.log(contents)\n})\n```\n\nIf you set throwError to false, here's how it would react\n\n```js\n'use babel'\n\nimport fs from 'fs'\nimport promisify from 'sb-promisify'\n\nconst access = promisify(fs.access, false)\nconst readFile = promisify(fs.readFile, false)\n\nreadFile('/etc/passwd').then(function(contents) {\n  if (contents === false) {\n    console.error('Unable to read file')\n  } else {\n    console.log(contents.toString('utf8'))\n  }\n})\n\naccess('/etc/passwd').then(function(access) {\n  console.log('access', access) // true or false\n})\n```\n\n## License\nThis module is licensed under the terms of MIT License. Check the LICENSE file for more info.\n","maintainers":[{"name":"steelbrain","email":"de.steelbrain@gmail.com"}],"time":{"modified":"2016-08-25T03:18:42.524Z","created":"2016-02-01T16:15:32.067Z","1.0.0":"2016-02-01T16:15:32.067Z","1.1.0":"2016-02-08T14:56:15.198Z","1.1.1":"2016-02-11T11:59:57.842Z","1.2.0":"2016-03-26T13:44:55.783Z","1.3.0":"2016-03-30T04:46:25.582Z","2.0.0":"2016-08-22T10:14:06.649Z","2.0.1":"2016-08-25T03:18:42.524Z"},"homepage":"https://github.com/steelbrain/promisify#readme","keywords":["promisify","es6","promise"],"repository":{"type":"git","url":"git+https://github.com/steelbrain/promisify.git"},"author":{"name":"steelbrain"},"bugs":{"url":"https://github.com/steelbrain/promisify/issues"},"license":"MIT","readmeFilename":"README.md","_attachments":{},"_etag":"\"7L3I0NIOIFEX9ENI1YNWB6Q7E\""}