{"_id":"md5","_rev":"66-46edd59181b81438196c8c1a812ce8b5","name":"md5","description":"js function for hashing messages with MD5","dist-tags":{"latest":"2.2.1"},"versions":{"1.0.1":{"author":{"name":"Yoshinori Kohyama","url":"http://jp.linkedin.com/pub/yoshinori-kohyama/36/155/9b8"},"name":"md5","description":"Kohyama's jsMD5. See http://jsperf.com/md5-shootout. I'll replace this on npm with anything else.","keywords":["ender","md5","browser"],"version":"1.0.1","homepage":"https://github.com/coolaj86/jsMD5","repository":{"type":"git","url":"git://github.com/coolaj86/jsMD5.git"},"main":"index.js","engines":{"node":"*"},"dependencies":{},"devDependencies":{},"_npmUser":{"name":"coolaj86","email":"coolaj86@gmail.com"},"_id":"md5@1.0.1","optionalDependencies":{},"_engineSupported":true,"_npmVersion":"1.1.19","_nodeVersion":"v0.6.16","_defaultsLoaded":true,"dist":{"shasum":"645802c673b8d3309a521abf37692a048eb97b4a","tarball":"https://registry.npmjs.org/md5/-/md5-1.0.1.tgz"},"maintainers":[{"name":"coolaj86","email":"coolaj86@gmail.com"}],"directories":{}},"1.0.0":{"author":{"name":"Yoshinori Kohyama","url":"http://jp.linkedin.com/pub/yoshinori-kohyama/36/155/9b8"},"name":"md5","description":"Kohyama's jsMD5. See http://jsperf.com/md5-shootout. I'll replace this on npm with anything else.","keywords":["ender","md5","browser"],"version":"1.0.0","homepage":"https://github.com/coolaj86/jsMD5","repository":{"type":"git","url":"git://github.com/coolaj86/jsMD5.git"},"main":"index.js","engines":{"node":"*"},"dependencies":{},"devDependencies":{},"_npmUser":{"name":"coolaj86","email":"coolaj86@gmail.com"},"_id":"md5@1.0.0","optionalDependencies":{},"_engineSupported":true,"_npmVersion":"1.1.19","_nodeVersion":"v0.6.16","_defaultsLoaded":true,"dist":{"shasum":"9f50a07f110b70e0cf38ecf4423c3b1b7e82605d","tarball":"https://registry.npmjs.org/md5/-/md5-1.0.0.tgz"},"maintainers":[{"name":"coolaj86","email":"coolaj86@gmail.com"}],"directories":{}},"2.0.0":{"name":"md5","description":"js function for hashing messages with MD5","tags":["md5","hash","encryption","message digest"],"version":"2.0.0","author":{"name":"Paul Vorbach","email":"paul@vorba.ch","url":"http://paul.vorba.ch"},"contributors":[{"name":"salba"}],"repository":{"type":"git","url":"git://github.com/pvorb/node-md5.git"},"bugs":{"url":"https://github.com/pvorb/node-md5/issues"},"main":"md5.js","scripts":{"test":"mocha"},"dependencies":{"charenc":"~ 0.0.1","crypt":"~ 0.0.1","is-buffer":"~ 1.0.2"},"devDependencies":{"mocha":"~ 1.4.2"},"optionalDependencies":{},"license":"BSD-3-Clause","gitHead":"c018e8932d0fbb2a200a540a055da487f4f9c150","homepage":"https://github.com/pvorb/node-md5#readme","_id":"md5@2.0.0","_shasum":"75e392e0ebd5a9b88dc7cb7a93875137b87c8a33","_from":".","_npmVersion":"2.11.2","_nodeVersion":"0.12.5","_npmUser":{"name":"pvorb","email":"paul@vorba.ch"},"dist":{"shasum":"75e392e0ebd5a9b88dc7cb7a93875137b87c8a33","tarball":"https://registry.npmjs.org/md5/-/md5-2.0.0.tgz"},"maintainers":[{"name":"coolaj86","email":"coolaj86@gmail.com"},{"name":"pvorb","email":"paul@vorba.ch"}],"directories":{}},"2.1.0":{"name":"md5","description":"js function for hashing messages with MD5","version":"2.1.0","author":{"name":"Paul Vorbach","email":"paul@vorba.ch","url":"http://paul.vorba.ch"},"contributors":[{"name":"salba"}],"tags":["md5","hash","encryption","message digest"],"repository":{"type":"git","url":"git://github.com/pvorb/node-md5.git"},"bugs":{"url":"https://github.com/pvorb/node-md5/issues"},"main":"md5.js","scripts":{"test":"mocha"},"dependencies":{"charenc":"~0.0.1","crypt":"~0.0.1","is-buffer":"~1.1.1"},"devDependencies":{"mocha":"~2.3.4"},"optionalDependencies":{},"license":"BSD-3-Clause","gitHead":"017c1c64a1c538688500e114b91758fe8829cbe0","homepage":"https://github.com/pvorb/node-md5#readme","_id":"md5@2.1.0","_shasum":"22ec92f33ac97a6ef4dc16c0f57fa46c01ed13bb","_from":".","_npmVersion":"2.14.12","_nodeVersion":"4.2.6","_npmUser":{"name":"pvorb","email":"paul@vorba.ch"},"dist":{"shasum":"22ec92f33ac97a6ef4dc16c0f57fa46c01ed13bb","tarball":"https://registry.npmjs.org/md5/-/md5-2.1.0.tgz"},"maintainers":[{"name":"coolaj86","email":"coolaj86@gmail.com"},{"name":"pvorb","email":"paul@vorba.ch"}],"_npmOperationalInternal":{"host":"packages-12-west.internal.npmjs.com","tmp":"tmp/md5-2.1.0.tgz_1457478108340_0.010296016465872526"},"directories":{}},"2.2.0":{"name":"md5","description":"js function for hashing messages with MD5","version":"2.2.0","author":{"name":"Paul Vorbach","email":"paul@vorba.ch","url":"http://paul.vorba.ch"},"contributors":[{"name":"salba"}],"tags":["md5","hash","encryption","message digest"],"repository":{"type":"git","url":"git://github.com/pvorb/node-md5.git"},"bugs":{"url":"https://github.com/pvorb/node-md5/issues"},"main":"md5.js","scripts":{"test":"mocha"},"dependencies":{"charenc":"~0.0.1","crypt":"~0.0.1","is-buffer":"~1.1.1"},"devDependencies":{"mocha":"~2.3.4"},"optionalDependencies":{},"license":"BSD-3-Clause","gitHead":"845d405403811de020f7290fa00d9c64d03ac045","homepage":"https://github.com/pvorb/node-md5#readme","_id":"md5@2.2.0","_shasum":"7845dc14a4af52304ed1b76a0f3d0c1079e3df38","_from":".","_npmVersion":"3.9.3","_nodeVersion":"4.4.5","_npmUser":{"name":"pvorb","email":"paul@vorba.ch"},"dist":{"shasum":"7845dc14a4af52304ed1b76a0f3d0c1079e3df38","tarball":"https://registry.npmjs.org/md5/-/md5-2.2.0.tgz"},"maintainers":[{"name":"coolaj86","email":"coolaj86@gmail.com"},{"name":"pvorb","email":"paul@vorba.ch"}],"_npmOperationalInternal":{"host":"packages-16-east.internal.npmjs.com","tmp":"tmp/md5-2.2.0.tgz_1472586791955_0.3293309095315635"},"directories":{}},"2.2.1":{"name":"md5","description":"js function for hashing messages with MD5","version":"2.2.1","author":{"name":"Paul Vorbach","email":"paul@vorba.ch","url":"http://paul.vorba.ch"},"contributors":[{"name":"salba"}],"tags":["md5","hash","encryption","message digest"],"repository":{"type":"git","url":"git://github.com/pvorb/node-md5.git"},"bugs":{"url":"https://github.com/pvorb/node-md5/issues"},"main":"md5.js","scripts":{"test":"mocha"},"dependencies":{"charenc":"~0.0.1","crypt":"~0.0.1","is-buffer":"~1.1.1"},"devDependencies":{"mocha":"~2.3.4"},"optionalDependencies":{},"license":"BSD-3-Clause","gitHead":"5536a25dbe856b25d9963fd47da5eb4e1bca4250","homepage":"https://github.com/pvorb/node-md5#readme","_id":"md5@2.2.1","_shasum":"53ab38d5fe3c8891ba465329ea23fac0540126f9","_from":".","_npmVersion":"3.9.3","_nodeVersion":"4.4.5","_npmUser":{"name":"pvorb","email":"paul@vorba.ch"},"dist":{"shasum":"53ab38d5fe3c8891ba465329ea23fac0540126f9","tarball":"https://registry.npmjs.org/md5/-/md5-2.2.1.tgz"},"maintainers":[{"name":"coolaj86","email":"coolaj86@gmail.com"},{"name":"pvorb","email":"paul@vorba.ch"}],"_npmOperationalInternal":{"host":"packages-16-east.internal.npmjs.com","tmp":"tmp/md5-2.2.1.tgz_1472679629604_0.48944878415204585"},"directories":{}}},"maintainers":[{"name":"coolaj86","email":"coolaj86@gmail.com"},{"name":"pvorb","email":"paul@vorba.ch"}],"time":{"modified":"2016-11-22T06:10:22.911Z","created":"2011-08-27T21:25:23.732Z","1.0.0":"2012-05-13T00:00:30.935Z","1.0.1":"2012-05-13T00:00:11.449Z","2.0.0":"2015-07-15T21:33:44.776Z","2.1.0":"2016-03-08T23:01:52.656Z","2.2.0":"2016-08-30T19:53:13.564Z","2.2.1":"2016-08-31T21:40:31.563Z"},"author":{"name":"Paul Vorbach","email":"paul@vorba.ch","url":"http://paul.vorba.ch"},"repository":{"type":"git","url":"git://github.com/pvorb/node-md5.git"},"users":{"131":true,"haeck":true,"samhou1988":true,"mabasic":true,"wzbg":true,"erincinci":true,"golovewkin":true,"jerryzou":true,"robnov":true,"prjioz":true,"itonyyo":true,"schwartzman":true,"marlongrape":true,"piecioshka":true,"complexcarb":true,"markthethomas":true,"softwind":true,"ahme-t":true,"xufz":true,"gfilip":true,"joelwallis":true,"gubi":true,"wangnan0610":true,"akarem":true,"dwaynecrooks":true,"phieo":true,"azevedo":true,"zixinliango":true,"mojaray2k":true,"ibambo":true},"homepage":"https://github.com/pvorb/node-md5#readme","readme":"# MD5\n\n[![build status](https://secure.travis-ci.org/pvorb/node-md5.png)](http://travis-ci.org/pvorb/node-md5)\n\na JavaScript function for hashing messages with MD5.\n\n## Installation\n\nYou can use this package on the server side as well as the client side.\n\n### [Node.js](http://nodejs.org/):\n\n~~~\nnpm install md5\n~~~\n\n\n## API\n\n~~~ javascript\nmd5(message)\n~~~\n\n  * `message` -- `String` or `Buffer`\n  * returns `String`\n\n\n## Usage\n\n~~~ javascript\nvar md5 = require('md5');\n\nconsole.log(md5('message'));\n~~~\n\nThis will print the following\n\n~~~\n78e731027d8fd50ed642340b7c9a63b3\n~~~\n\nIt supports buffers, too\n\n~~~ javascript\nvar fs = require('fs');\nvar md5 = require('md5');\n\nfs.readFile('example.txt', function(err, buf) {\n  console.log(md5(buf));\n});\n~~~\n\n## Versions\n\nBefore version 2.0.0 there were two packages called md5 on npm, one lowercase,\none uppercase (the one you're looking at). As of version 2.0.0, all new versions\nof this module will go to lowercase [md5](https://www.npmjs.com/package/md5) on\nnpm. To use the correct version, users of this module will have to change their\ncode from `require('MD5')` to `require('md5')` if they want to use versions >=\n2.0.0.\n\n\n## Bugs and Issues\n\nIf you encounter any bugs or issues, feel free to open an issue at\n[github](https://github.com/pvorb/node-md5/issues).\n\n\n## Credits\n\nThis package is based on the work of Jeff Mott, who did a pure JS implementation\nof the MD5 algorithm that was published by Ronald L. Rivest in 1991. I needed a\nnpm package of the algorithm, so I used Jeff’s implementation for this package.\nThe original implementation can be found in the\n[CryptoJS](http://code.google.com/p/crypto-js/) project.\n\n\n## License\n\n~~~\nCopyright © 2011-2015, Paul Vorbach.\nCopyright © 2009, Jeff Mott.\n\nAll rights reserved.\n\nRedistribution and use in source and binary forms, with or without modification,\nare permitted provided that the following conditions are met:\n\n* Redistributions of source code must retain the above copyright notice, this\n  list of conditions and the following disclaimer.\n* Redistributions in binary form must reproduce the above copyright notice, this\n  list of conditions and the following disclaimer in the documentation and/or\n  other materials provided with the distribution.\n* Neither the name Crypto-JS nor the names of its contributors may be used to\n  endorse or promote products derived from this software without specific prior\n  written permission.\n\nTHIS SOFTWARE IS PROVIDED BY THE COPYRIGHT HOLDERS AND CONTRIBUTORS \"AS IS\" AND\nANY EXPRESS OR IMPLIED WARRANTIES, INCLUDING, BUT NOT LIMITED TO, THE IMPLIED\nWARRANTIES OF MERCHANTABILITY AND FITNESS FOR A PARTICULAR PURPOSE ARE\nDISCLAIMED. IN NO EVENT SHALL THE COPYRIGHT HOLDER OR CONTRIBUTORS BE LIABLE FOR\nANY DIRECT, INDIRECT, INCIDENTAL, SPECIAL, EXEMPLARY, OR CONSEQUENTIAL DAMAGES\n(INCLUDING, BUT NOT LIMITED TO, PROCUREMENT OF SUBSTITUTE GOODS OR SERVICES;\nLOSS OF USE, DATA, OR PROFITS; OR BUSINESS INTERRUPTION) HOWEVER CAUSED AND ON\nANY THEORY OF LIABILITY, WHETHER IN CONTRACT, STRICT LIABILITY, OR TORT\n(INCLUDING NEGLIGENCE OR OTHERWISE) ARISING IN ANY WAY OUT OF THE USE OF THIS\nSOFTWARE, EVEN IF ADVISED OF THE POSSIBILITY OF SUCH DAMAGE.\n~~~\n","readmeFilename":"README.md","contributors":[{"name":"salba"}],"bugs":{"url":"https://github.com/pvorb/node-md5/issues"},"license":"BSD-3-Clause","_attachments":{},"_etag":"W/\"5833e14e-2cef\"","_lastModified":"Tue, 22 Nov 2016 06:10:22 GMT"}