{"_id":"sb-memoize","_rev":"5-a99d31b8328ffe4b5d6b43a938d8ec9c","name":"sb-memoize","description":"Memoization in JS made easy","dist-tags":{"latest":"2.1.0"},"versions":{"1.0.0":{"name":"sb-memoize","version":"1.0.0","description":"Memoization in JS made easy","main":"lib/index.js","scripts":{"test":"apm test","compile":"ucompiler go","lint":"eslint .","watch":"ucompiler watch"},"repository":{"type":"git","url":"git+ssh://git@github.com/steelbrain/memoize.git"},"keywords":["memoize"],"author":{"name":"steelbrain"},"license":"MIT","bugs":{"url":"https://github.com/steelbrain/memoize/issues"},"homepage":"https://github.com/steelbrain/memoize#readme","devDependencies":{"eslint":"^2.4.0","babel-eslint":"^6.0.0-beta.6","babel-preset-steelbrain":"^2.0.1","eslint-config-airbnb":"^6.0.2","eslint-plugin-react":"^4.2.1","ucompiler":"^3.1.8","ucompiler-plugin-babel":"^3.1.1"},"gitHead":"eab0d734aec09084e03c6452c4568ef4df2397a5","_id":"sb-memoize@1.0.0","_shasum":"5de02ef7839ecfbdce7c746e246b07450143b2aa","_from":".","_npmVersion":"3.7.3","_nodeVersion":"5.9.0","_npmUser":{"name":"steelbrain","email":"de.steelbrain@gmail.com"},"dist":{"shasum":"5de02ef7839ecfbdce7c746e246b07450143b2aa","tarball":"https://registry.npmjs.org/sb-memoize/-/sb-memoize-1.0.0.tgz"},"maintainers":[{"name":"steelbrain","email":"de.steelbrain@gmail.com"}],"_npmOperationalInternal":{"host":"packages-12-west.internal.npmjs.com","tmp":"tmp/sb-memoize-1.0.0.tgz_1459189476248_0.43673261534422636"},"directories":{}},"1.0.1":{"name":"sb-memoize","version":"1.0.1","description":"Memoization in JS made easy","main":"lib/index.js","scripts":{"test":"apm test","compile":"ucompiler go","lint":"eslint .","watch":"ucompiler watch"},"repository":{"type":"git","url":"git+ssh://git@github.com/steelbrain/memoize.git"},"keywords":["memoize"],"author":{"name":"steelbrain"},"license":"MIT","bugs":{"url":"https://github.com/steelbrain/memoize/issues"},"homepage":"https://github.com/steelbrain/memoize#readme","devDependencies":{"eslint":"^2.4.0","babel-eslint":"^6.0.0-beta.6","babel-preset-steelbrain":"^2.0.1","eslint-config-airbnb":"^6.0.2","eslint-plugin-react":"^4.2.1","ucompiler":"^3.1.8","ucompiler-plugin-babel":"^3.1.1"},"gitHead":"e163ca9ccf13a5efae32057b651ef539586f73d9","_id":"sb-memoize@1.0.1","_shasum":"ad35ed11af8df974ec2bfa912e75eaa47f7033df","_from":".","_npmVersion":"3.7.3","_nodeVersion":"5.9.0","_npmUser":{"name":"steelbrain","email":"de.steelbrain@gmail.com"},"dist":{"shasum":"ad35ed11af8df974ec2bfa912e75eaa47f7033df","tarball":"https://registry.npmjs.org/sb-memoize/-/sb-memoize-1.0.1.tgz"},"maintainers":[{"name":"steelbrain","email":"de.steelbrain@gmail.com"}],"_npmOperationalInternal":{"host":"packages-16-east.internal.npmjs.com","tmp":"tmp/sb-memoize-1.0.1.tgz_1459203544569_0.4078609698917717"},"directories":{}},"1.0.2":{"name":"sb-memoize","version":"1.0.2","description":"Memoization in JS made easy","main":"lib/index.js","scripts":{"test":"apm test","compile":"ucompiler go","lint":"eslint .","watch":"ucompiler watch"},"repository":{"type":"git","url":"git+ssh://git@github.com/steelbrain/memoize.git"},"keywords":["memoize"],"author":{"name":"steelbrain"},"license":"MIT","bugs":{"url":"https://github.com/steelbrain/memoize/issues"},"homepage":"https://github.com/steelbrain/memoize#readme","devDependencies":{"eslint":"^2.4.0","babel-eslint":"^6.0.0","babel-preset-steelbrain":"^2.0.1","eslint-config-airbnb":"^6.0.2","eslint-plugin-react":"^4.2.1","ucompiler":"^3.1.8","ucompiler-plugin-babel":"^3.1.1"},"gitHead":"83852a4726901fc87c3aef3aae91128dbe26fe6e","_id":"sb-memoize@1.0.2","_shasum":"128375c62ddb9cc4ffa905d0c5a597c19baead8e","_from":".","_npmVersion":"3.8.6","_nodeVersion":"5.10.0","_npmUser":{"name":"steelbrain","email":"de.steelbrain@gmail.com"},"dist":{"shasum":"128375c62ddb9cc4ffa905d0c5a597c19baead8e","tarball":"https://registry.npmjs.org/sb-memoize/-/sb-memoize-1.0.2.tgz"},"maintainers":[{"name":"steelbrain","email":"de.steelbrain@gmail.com"}],"_npmOperationalInternal":{"host":"packages-16-east.internal.npmjs.com","tmp":"tmp/sb-memoize-1.0.2.tgz_1460497622925_0.853262230521068"},"directories":{}},"2.0.0":{"name":"sb-memoize","version":"2.0.0","description":"Memoization in JS made easy","main":"lib/index.js","scripts":{"lint":"(flow check) && (eslint .)","test":"apm test","clean":"rm -rf lib","compile":"npm run clean && babel src --out-dir lib","watch":"npm run clean && babel src --out-dir lib --watch"},"repository":{"type":"git","url":"git+ssh://git@github.com/steelbrain/memoize.git"},"keywords":["memoize"],"author":{"name":"steelbrain"},"license":"MIT","bugs":{"url":"https://github.com/steelbrain/memoize/issues"},"homepage":"https://github.com/steelbrain/memoize#readme","devDependencies":{"babel-cli":"^6.10.1","babel-preset-steelbrain":"^4.0.1","eslint-config-steelbrain":"^1.0.4","flow-bin":"^0.32.0","jasmine-fix":"^1.0.1"},"gitHead":"7f1707a4cbd271c0bb0dbc785c78921bdeb88aa0","_id":"sb-memoize@2.0.0","_shasum":"4e0f2e8ec97844b3a4456bf61567f012d20440a7","_from":".","_npmVersion":"3.10.3","_nodeVersion":"6.7.0","_npmUser":{"name":"steelbrain","email":"i@steelbrain.me"},"dist":{"shasum":"4e0f2e8ec97844b3a4456bf61567f012d20440a7","tarball":"https://registry.npmjs.org/sb-memoize/-/sb-memoize-2.0.0.tgz"},"maintainers":[{"name":"steelbrain","email":"de.steelbrain@gmail.com"}],"_npmOperationalInternal":{"host":"packages-18-east.internal.npmjs.com","tmp":"tmp/sb-memoize-2.0.0.tgz_1477425771225_0.9850744802970439"},"directories":{}},"2.1.0":{"name":"sb-memoize","version":"2.1.0","description":"Memoization in JS made easy","main":"lib/index.js","scripts":{"lint":"(flow check) && (eslint .)","test":"apm test","clean":"rm -rf lib","compile":"npm run clean && babel src --out-dir lib","watch":"npm run clean && babel src --out-dir lib --watch"},"repository":{"type":"git","url":"git+ssh://git@github.com/steelbrain/memoize.git"},"keywords":["memoize"],"author":{"name":"steelbrain"},"license":"MIT","bugs":{"url":"https://github.com/steelbrain/memoize/issues"},"homepage":"https://github.com/steelbrain/memoize#readme","devDependencies":{"babel-cli":"^6.10.1","babel-preset-steelbrain":"^4.0.1","eslint-config-steelbrain":"^1.0.4","flow-bin":"^0.32.0","jasmine-fix":"^1.0.1"},"gitHead":"182f642c210a7806d2a73959bd1499e9e4658c80","_id":"sb-memoize@2.1.0","_shasum":"f68d92a9a7afd95c76403d316002e91008b2ea2f","_from":".","_npmVersion":"3.10.3","_nodeVersion":"6.7.0","_npmUser":{"name":"steelbrain","email":"i@steelbrain.me"},"dist":{"shasum":"f68d92a9a7afd95c76403d316002e91008b2ea2f","tarball":"https://registry.npmjs.org/sb-memoize/-/sb-memoize-2.1.0.tgz"},"maintainers":[{"name":"steelbrain","email":"de.steelbrain@gmail.com"}],"_npmOperationalInternal":{"host":"packages-12-west.internal.npmjs.com","tmp":"tmp/sb-memoize-2.1.0.tgz_1477461830603_0.5264999878127128"},"directories":{}}},"readme":"Memoize\n=======\nMemoize is a javascript helper utility to fulfill your function memoization needs.\n\n## Installation\n\n```sh\nnpm install --save sb-memoize\n```\n\n## API\n\n```js\nfunction memoize(\n  callback: Function,\n  options = { async: false }\n): Function\n\nmodule.exports = memoize\n```\n\n## Examples\n\n```js\nimport resolve from 'resolve'\nimport promisify from 'sb-promisify'\nimport memoize from 'sb-memoize'\n\nconst resolveSync = memoize(resolve.sync)\nconst resolveAsync = memoize(promisify(resolve), { async: true })\n\nconsole.log(resolveSync('sb-memoize', { basedir: __dirname }))\nresolveAsync('sb-memoize', { basedir: __dirname })\n  .then(function(path) {\n    console.log(path)\n  })\n```\n\n## Notes\n\nThis package automatically adds these methods on any memoized function\n\n```\nclearCache(): void\ngetCache(parameters: Array<any>): any\nsetCache(parameters: Array<any>, cacheValue: any): void\ndeleteCache(parameters: Array<any>): void\n```\n\n## License\n\nThis project is licensed under the terms of MIT License, see the LICENSE file for more info\n","maintainers":[{"name":"steelbrain","email":"de.steelbrain@gmail.com"}],"time":{"modified":"2016-10-26T06:03:52.471Z","created":"2016-03-28T18:24:38.586Z","1.0.0":"2016-03-28T18:24:38.586Z","1.0.1":"2016-03-28T22:19:05.576Z","1.0.2":"2016-04-12T21:47:04.436Z","2.0.0":"2016-10-25T20:02:53.110Z","2.1.0":"2016-10-26T06:03:52.471Z"},"homepage":"https://github.com/steelbrain/memoize#readme","keywords":["memoize"],"repository":{"type":"git","url":"git+ssh://git@github.com/steelbrain/memoize.git"},"author":{"name":"steelbrain"},"bugs":{"url":"https://github.com/steelbrain/memoize/issues"},"license":"MIT","readmeFilename":"README.md","_attachments":{},"_etag":"\"2D6WM0IR827V3RH9Q80XUE4XD\""}